,RunId,iteration,Step,height,width,citizen_density,cop_density,citizen_vision,cop_vision,legitimacy,max_jail_term,active_threshold,arrest_prob_constant,movement,max_iters,Quiescent,Active,Jailed,Cops
0,0,0,100,40,40,0.7,0.074,3,1,0.7,1000,0.1,2.3,True,1000,915,7,205,121
1,2,0,100,40,40,0.7,0.074,3,3,0.7,1000,0.1,2.3,True,1000,843,0,272,124
2,1,0,100,40,40,0.7,0.074,3,2,0.7,1000,0.1,2.3,True,1000,858,1,269,111
3,9,1,100,40,40,0.7,0.074,3,1,0.7,1000,0.1,2.3,True,1000,984,2,196,128
4,3,0,100,40,40,0.7,0.074,3,4,0.7,1000,0.1,2.3,True,1000,845,2,320,106
5,4,0,100,40,40,0.7,0.074,3,5,0.7,1000,0.1,2.3,True,1000,846,0,304,114
6,5,0,100,40,40,0.7,0.074,3,6,0.7,1000,0.1,2.3,True,1000,857,0,315,125
7,6,0,100,40,40,0.7,0.074,3,7,0.7,1000,0.1,2.3,True,1000,851,0,320,111
8,7,0,100,40,40,0.7,0.074,3,8,0.7,1000,0.1,2.3,True,1000,831,0,290,124
9,8,0,100,40,40,0.7,0.074,3,9,0.7,1000,0.1,2.3,True,1000,846,0,317,119
10,10,1,100,40,40,0.7,0.074,3,2,0.7,1000,0.1,2.3,True,1000,883,0,269,126
11,11,1,100,40,40,0.7,0.074,3,3,0.7,1000,0.1,2.3,True,1000,852,0,311,103
12,12,1,100,40,40,0.7,0.074,3,4,0.7,1000,0.1,2.3,True,1000,822,0,280,133
13,13,1,100,40,40,0.7,0.074,3,5,0.7,1000,0.1,2.3,True,1000,846,0,302,106
14,14,1,100,40,40,0.7,0.074,3,6,0.7,1000,0.1,2.3,True,1000,826,0,304,112
15,18,2,100,40,40,0.7,0.074,3,1,0.7,1000,0.1,2.3,True,1000,927,2,197,122
16,15,1,100,40,40,0.7,0.074,3,7,0.7,1000,0.1,2.3,True,1000,843,0,321,109
17,19,2,100,40,40,0.7,0.074,3,2,0.7,1000,0.1,2.3,True,1000,859,4,271,106
18,16,1,100,40,40,0.7,0.074,3,8,0.7,1000,0.1,2.3,True,1000,849,0,308,110
19,17,1,100,40,40,0.7,0.074,3,9,0.7,1000,0.1,2.3,True,1000,845,0,298,125
20,20,2,100,40,40,0.7,0.074,3,3,0.7,1000,0.1,2.3,True,1000,880,1,289,120
21,21,2,100,40,40,0.7,0.074,3,4,0.7,1000,0.1,2.3,True,1000,844,0,307,112
22,22,2,100,40,40,0.7,0.074,3,5,0.7,1000,0.1,2.3,True,1000,840,0,317,123
23,23,2,100,40,40,0.7,0.074,3,6,0.7,1000,0.1,2.3,True,1000,833,0,320,109
24,24,2,100,40,40,0.7,0.074,3,7,0.7,1000,0.1,2.3,True,1000,843,0,327,106
25,28,3,100,40,40,0.7,0.074,3,2,0.7,1000,0.1,2.3,True,1000,883,0,271,118
26,27,3,100,40,40,0.7,0.074,3,1,0.7,1000,0.1,2.3,True,1000,925,12,247,89
27,25,2,100,40,40,0.7,0.074,3,8,0.7,1000,0.1,2.3,True,1000,854,0,308,122
28,26,2,100,40,40,0.7,0.074,3,9,0.7,1000,0.1,2.3,True,1000,829,0,319,103
29,29,3,100,40,40,0.7,0.074,3,3,0.7,1000,0.1,2.3,True,1000,867,2,291,115
30,30,3,100,40,40,0.7,0.074,3,4,0.7,1000,0.1,2.3,True,1000,846,0,293,122
31,31,3,100,40,40,0.7,0.074,3,5,0.7,1000,0.1,2.3,True,1000,838,0,311,111
32,32,3,100,40,40,0.7,0.074,3,6,0.7,1000,0.1,2.3,True,1000,816,0,279,140
33,33,3,100,40,40,0.7,0.074,3,7,0.7,1000,0.1,2.3,True,1000,849,0,327,118
34,37,4,100,40,40,0.7,0.074,3,2,0.7,1000,0.1,2.3,True,1000,889,0,250,136
35,36,4,100,40,40,0.7,0.074,3,1,0.7,1000,0.1,2.3,True,1000,921,10,239,107
36,38,4,100,40,40,0.7,0.074,3,3,0.7,1000,0.1,2.3,True,1000,847,0,292,119
37,39,4,100,40,40,0.7,0.074,3,4,0.7,1000,0.1,2.3,True,1000,839,0,310,113
38,34,3,100,40,40,0.7,0.074,3,8,0.7,1000,0.1,2.3,True,1000,840,0,297,143
39,35,3,100,40,40,0.7,0.074,3,9,0.7,1000,0.1,2.3,True,1000,855,0,295,134
40,40,4,100,40,40,0.7,0.074,3,5,0.7,1000,0.1,2.3,True,1000,828,0,297,133
41,41,4,100,40,40,0.7,0.074,3,6,0.7,1000,0.1,2.3,True,1000,838,0,305,127
42,45,5,100,40,40,0.7,0.074,3,1,0.7,1000,0.1,2.3,True,1000,936,6,190,119
43,46,5,100,40,40,0.7,0.074,3,2,0.7,1000,0.1,2.3,True,1000,878,1,260,119
44,42,4,100,40,40,0.7,0.074,3,7,0.7,1000,0.1,2.3,True,1000,849,0,304,127
45,43,4,100,40,40,0.7,0.074,3,8,0.7,1000,0.1,2.3,True,1000,840,0,302,121
46,47,5,100,40,40,0.7,0.074,3,3,0.7,1000,0.1,2.3,True,1000,872,0,273,126
47,48,5,100,40,40,0.7,0.074,3,4,0.7,1000,0.1,2.3,True,1000,840,0,316,113
48,44,4,100,40,40,0.7,0.074,3,9,0.7,1000,0.1,2.3,True,1000,834,0,313,122
49,49,5,100,40,40,0.7,0.074,3,5,0.7,1000,0.1,2.3,True,1000,829,0,301,130
50,50,5,100,40,40,0.7,0.074,3,6,0.7,1000,0.1,2.3,True,1000,825,0,303,122
51,51,5,100,40,40,0.7,0.074,3,7,0.7,1000,0.1,2.3,True,1000,821,0,316,121
52,54,6,100,40,40,0.7,0.074,3,1,0.7,1000,0.1,2.3,True,1000,970,6,189,120
53,56,6,100,40,40,0.7,0.074,3,3,0.7,1000,0.1,2.3,True,1000,841,0,281,132
54,55,6,100,40,40,0.7,0.074,3,2,0.7,1000,0.1,2.3,True,1000,891,1,259,130
55,57,6,100,40,40,0.7,0.074,3,4,0.7,1000,0.1,2.3,True,1000,860,1,309,117
56,52,5,100,40,40,0.7,0.074,3,8,0.7,1000,0.1,2.3,True,1000,836,0,311,117
57,53,5,100,40,40,0.7,0.074,3,9,0.7,1000,0.1,2.3,True,1000,847,0,318,105
58,58,6,100,40,40,0.7,0.074,3,5,0.7,1000,0.1,2.3,True,1000,837,0,304,124
59,59,6,100,40,40,0.7,0.074,3,6,0.7,1000,0.1,2.3,True,1000,815,0,305,128
60,60,6,100,40,40,0.7,0.074,3,7,0.7,1000,0.1,2.3,True,1000,844,0,329,101
61,64,7,100,40,40,0.7,0.074,3,2,0.7,1000,0.1,2.3,True,1000,862,1,271,126
62,63,7,100,40,40,0.7,0.074,3,1,0.7,1000,0.1,2.3,True,1000,947,8,237,102
63,61,6,100,40,40,0.7,0.074,3,8,0.7,1000,0.1,2.3,True,1000,832,0,317,116
64,65,7,100,40,40,0.7,0.074,3,3,0.7,1000,0.1,2.3,True,1000,866,1,280,132
65,66,7,100,40,40,0.7,0.074,3,4,0.7,1000,0.1,2.3,True,1000,867,0,280,140
66,67,7,100,40,40,0.7,0.074,3,5,0.7,1000,0.1,2.3,True,1000,831,0,304,126
67,62,6,100,40,40,0.7,0.074,3,9,0.7,1000,0.1,2.3,True,1000,850,0,303,119
68,68,7,100,40,40,0.7,0.074,3,6,0.7,1000,0.1,2.3,True,1000,829,0,298,130
69,69,7,100,40,40,0.7,0.074,3,7,0.7,1000,0.1,2.3,True,1000,814,0,300,112
70,70,7,100,40,40,0.7,0.074,3,8,0.7,1000,0.1,2.3,True,1000,823,0,315,119
71,72,8,100,40,40,0.7,0.074,3,1,0.7,1000,0.1,2.3,True,1000,948,8,220,118
72,74,8,100,40,40,0.7,0.074,3,3,0.7,1000,0.1,2.3,True,1000,852,1,316,102
73,73,8,100,40,40,0.7,0.074,3,2,0.7,1000,0.1,2.3,True,1000,890,0,272,113
74,76,8,100,40,40,0.7,0.074,3,5,0.7,1000,0.1,2.3,True,1000,827,0,301,116
75,75,8,100,40,40,0.7,0.074,3,4,0.7,1000,0.1,2.3,True,1000,852,2,302,123
76,71,7,100,40,40,0.7,0.074,3,9,0.7,1000,0.1,2.3,True,1000,859,0,278,137
77,77,8,100,40,40,0.7,0.074,3,6,0.7,1000,0.1,2.3,True,1000,827,0,310,126
78,78,8,100,40,40,0.7,0.074,3,7,0.7,1000,0.1,2.3,True,1000,850,0,307,120
79,79,8,100,40,40,0.7,0.074,3,8,0.7,1000,0.1,2.3,True,1000,831,0,298,113
80,82,9,100,40,40,0.7,0.074,3,2,0.7,1000,0.1,2.3,True,1000,890,1,270,108
81,81,9,100,40,40,0.7,0.074,3,1,0.7,1000,0.1,2.3,True,1000,920,11,190,117
82,83,9,100,40,40,0.7,0.074,3,3,0.7,1000,0.1,2.3,True,1000,866,1,317,109
83,80,8,100,40,40,0.7,0.074,3,9,0.7,1000,0.1,2.3,True,1000,830,0,317,123
84,84,9,100,40,40,0.7,0.074,3,4,0.7,1000,0.1,2.3,True,1000,840,0,306,117
85,85,9,100,40,40,0.7,0.074,3,5,0.7,1000,0.1,2.3,True,1000,824,0,294,124
86,86,9,100,40,40,0.7,0.074,3,6,0.7,1000,0.1,2.3,True,1000,857,0,317,110
87,87,9,100,40,40,0.7,0.074,3,7,0.7,1000,0.1,2.3,True,1000,856,0,313,116
88,88,9,100,40,40,0.7,0.074,3,8,0.7,1000,0.1,2.3,True,1000,845,0,315,123
89,89,9,100,40,40,0.7,0.074,3,9,0.7,1000,0.1,2.3,True,1000,840,0,311,108
90,90,10,100,40,40,0.7,0.074,3,1,0.7,1000,0.1,2.3,True,1000,947,4,209,120
91,91,10,100,40,40,0.7,0.074,3,2,0.7,1000,0.1,2.3,True,1000,886,2,254,123
92,92,10,100,40,40,0.7,0.074,3,3,0.7,1000,0.1,2.3,True,1000,855,0,296,118
93,93,10,100,40,40,0.7,0.074,3,4,0.7,1000,0.1,2.3,True,1000,820,0,314,111
94,94,10,100,40,40,0.7,0.074,3,5,0.7,1000,0.1,2.3,True,1000,826,0,322,113
95,95,10,100,40,40,0.7,0.074,3,6,0.7,1000,0.1,2.3,True,1000,831,0,322,113
96,96,10,100,40,40,0.7,0.074,3,7,0.7,1000,0.1,2.3,True,1000,814,0,302,121
97,101,11,100,40,40,0.7,0.074,3,3,0.7,1000,0.1,2.3,True,1000,843,0,288,113
98,97,10,100,40,40,0.7,0.074,3,8,0.7,1000,0.1,2.3,True,1000,850,0,312,118
99,100,11,100,40,40,0.7,0.074,3,2,0.7,1000,0.1,2.3,True,1000,871,1,256,131
100,99,11,100,40,40,0.7,0.074,3,1,0.7,1000,0.1,2.3,True,1000,943,13,223,102
101,98,10,100,40,40,0.7,0.074,3,9,0.7,1000,0.1,2.3,True,1000,834,0,298,130
102,102,11,100,40,40,0.7,0.074,3,4,0.7,1000,0.1,2.3,True,1000,854,0,323,95
103,103,11,100,40,40,0.7,0.074,3,5,0.7,1000,0.1,2.3,True,1000,803,1,295,128
104,104,11,100,40,40,0.7,0.074,3,6,0.7,1000,0.1,2.3,True,1000,833,0,314,117
105,105,11,100,40,40,0.7,0.074,3,7,0.7,1000,0.1,2.3,True,1000,834,0,311,114
106,106,11,100,40,40,0.7,0.074,3,8,0.7,1000,0.1,2.3,True,1000,848,0,304,112
107,108,12,100,40,40,0.7,0.074,3,1,0.7,1000,0.1,2.3,True,1000,926,2,197,131
108,109,12,100,40,40,0.7,0.074,3,2,0.7,1000,0.1,2.3,True,1000,892,4,255,118
109,110,12,100,40,40,0.7,0.074,3,3,0.7,1000,0.1,2.3,True,1000,868,2,288,126
110,111,12,100,40,40,0.7,0.074,3,4,0.7,1000,0.1,2.3,True,1000,833,0,307,110
111,107,11,100,40,40,0.7,0.074,3,9,0.7,1000,0.1,2.3,True,1000,792,0,282,136
112,112,12,100,40,40,0.7,0.074,3,5,0.7,1000,0.1,2.3,True,1000,862,0,307,128
113,113,12,100,40,40,0.7,0.074,3,6,0.7,1000,0.1,2.3,True,1000,855,1,323,123
114,114,12,100,40,40,0.7,0.074,3,7,0.7,1000,0.1,2.3,True,1000,841,0,320,110
115,118,13,100,40,40,0.7,0.074,3,2,0.7,1000,0.1,2.3,True,1000,881,1,252,130
116,115,12,100,40,40,0.7,0.074,3,8,0.7,1000,0.1,2.3,True,1000,824,0,298,122
117,117,13,100,40,40,0.7,0.074,3,1,0.7,1000,0.1,2.3,True,1000,929,9,216,122
118,119,13,100,40,40,0.7,0.074,3,3,0.7,1000,0.1,2.3,True,1000,840,0,317,115
119,120,13,100,40,40,0.7,0.074,3,4,0.7,1000,0.1,2.3,True,1000,839,0,289,126
120,116,12,100,40,40,0.7,0.074,3,9,0.7,1000,0.1,2.3,True,1000,825,0,313,122
121,121,13,100,40,40,0.7,0.074,3,5,0.7,1000,0.1,2.3,True,1000,830,0,291,135
122,122,13,100,40,40,0.7,0.074,3,6,0.7,1000,0.1,2.3,True,1000,821,0,307,119
123,123,13,100,40,40,0.7,0.074,3,7,0.7,1000,0.1,2.3,True,1000,814,0,312,107
124,124,13,100,40,40,0.7,0.074,3,8,0.7,1000,0.1,2.3,True,1000,850,0,312,114
125,126,14,100,40,40,0.7,0.074,3,1,0.7,1000,0.1,2.3,True,1000,917,15,227,105
126,127,14,100,40,40,0.7,0.074,3,2,0.7,1000,0.1,2.3,True,1000,865,0,285,106
127,128,14,100,40,40,0.7,0.074,3,3,0.7,1000,0.1,2.3,True,1000,883,0,297,110
128,129,14,100,40,40,0.7,0.074,3,4,0.7,1000,0.1,2.3,True,1000,860,0,307,111
129,125,13,100,40,40,0.7,0.074,3,9,0.7,1000,0.1,2.3,True,1000,846,0,310,129
130,130,14,100,40,40,0.7,0.074,3,5,0.7,1000,0.1,2.3,True,1000,865,0,317,109
131,131,14,100,40,40,0.7,0.074,3,6,0.7,1000,0.1,2.3,True,1000,839,0,305,129
132,132,14,100,40,40,0.7,0.074,3,7,0.7,1000,0.1,2.3,True,1000,858,0,313,111
133,133,14,100,40,40,0.7,0.074,3,8,0.7,1000,0.1,2.3,True,1000,847,0,328,108
134,136,15,100,40,40,0.7,0.074,3,2,0.7,1000,0.1,2.3,True,1000,844,1,291,101
135,135,15,100,40,40,0.7,0.074,3,1,0.7,1000,0.1,2.3,True,1000,918,1,222,116
136,137,15,100,40,40,0.7,0.074,3,3,0.7,1000,0.1,2.3,True,1000,849,0,292,122
137,134,14,100,40,40,0.7,0.074,3,9,0.7,1000,0.1,2.3,True,1000,808,0,303,111
138,138,15,100,40,40,0.7,0.074,3,4,0.7,1000,0.1,2.3,True,1000,849,0,306,122
139,139,15,100,40,40,0.7,0.074,3,5,0.7,1000,0.1,2.3,True,1000,842,0,314,117
140,140,15,100,40,40,0.7,0.074,3,6,0.7,1000,0.1,2.3,True,1000,840,0,315,120
141,141,15,100,40,40,0.7,0.074,3,7,0.7,1000,0.1,2.3,True,1000,837,0,309,112
142,142,15,100,40,40,0.7,0.074,3,8,0.7,1000,0.1,2.3,True,1000,847,0,318,113
143,145,16,100,40,40,0.7,0.074,3,2,0.7,1000,0.1,2.3,True,1000,878,0,270,107
144,144,16,100,40,40,0.7,0.074,3,1,0.7,1000,0.1,2.3,True,1000,951,3,192,126
145,146,16,100,40,40,0.7,0.074,3,3,0.7,1000,0.1,2.3,True,1000,877,0,313,117
146,143,15,100,40,40,0.7,0.074,3,9,0.7,1000,0.1,2.3,True,1000,827,0,305,120
147,147,16,100,40,40,0.7,0.074,3,4,0.7,1000,0.1,2.3,True,1000,850,0,303,111
148,148,16,100,40,40,0.7,0.074,3,5,0.7,1000,0.1,2.3,True,1000,826,0,295,129
149,149,16,100,40,40,0.7,0.074,3,6,0.7,1000,0.1,2.3,True,1000,832,0,323,106
150,150,16,100,40,40,0.7,0.074,3,7,0.7,1000,0.1,2.3,True,1000,838,0,326,121
151,153,17,100,40,40,0.7,0.074,3,1,0.7,1000,0.1,2.3,True,1000,906,1,234,102
152,151,16,100,40,40,0.7,0.074,3,8,0.7,1000,0.1,2.3,True,1000,827,0,312,126
153,155,17,100,40,40,0.7,0.074,3,3,0.7,1000,0.1,2.3,True,1000,859,0,302,116
154,154,17,100,40,40,0.7,0.074,3,2,0.7,1000,0.1,2.3,True,1000,864,4,276,117
155,156,17,100,40,40,0.7,0.074,3,4,0.7,1000,0.1,2.3,True,1000,860,0,308,111
156,157,17,100,40,40,0.7,0.074,3,5,0.7,1000,0.1,2.3,True,1000,834,0,339,115
157,152,16,100,40,40,0.7,0.074,3,9,0.7,1000,0.1,2.3,True,1000,860,0,304,112
158,158,17,100,40,40,0.7,0.074,3,6,0.7,1000,0.1,2.3,True,1000,834,0,320,123
159,159,17,100,40,40,0.7,0.074,3,7,0.7,1000,0.1,2.3,True,1000,846,0,317,112
160,164,18,100,40,40,0.7,0.074,3,3,0.7,1000,0.1,2.3,True,1000,835,1,302,126
161,163,18,100,40,40,0.7,0.074,3,2,0.7,1000,0.1,2.3,True,1000,891,4,252,133
162,162,18,100,40,40,0.7,0.074,3,1,0.7,1000,0.1,2.3,True,1000,943,9,222,105
163,160,17,100,40,40,0.7,0.074,3,8,0.7,1000,0.1,2.3,True,1000,876,0,308,131
164,165,18,100,40,40,0.7,0.074,3,4,0.7,1000,0.1,2.3,True,1000,846,0,307,112
165,166,18,100,40,40,0.7,0.074,3,5,0.7,1000,0.1,2.3,True,1000,841,0,298,133
166,161,17,100,40,40,0.7,0.074,3,9,0.7,1000,0.1,2.3,True,1000,820,0,305,113
167,167,18,100,40,40,0.7,0.074,3,6,0.7,1000,0.1,2.3,True,1000,831,0,292,118
168,168,18,100,40,40,0.7,0.074,3,7,0.7,1000,0.1,2.3,True,1000,859,0,304,118
169,171,19,100,40,40,0.7,0.074,3,1,0.7,1000,0.1,2.3,True,1000,916,15,232,93
170,172,19,100,40,40,0.7,0.074,3,2,0.7,1000,0.1,2.3,True,1000,885,0,256,122
171,173,19,100,40,40,0.7,0.074,3,3,0.7,1000,0.1,2.3,True,1000,847,1,288,126
172,169,18,100,40,40,0.7,0.074,3,8,0.7,1000,0.1,2.3,True,1000,841,0,315,116
173,174,19,100,40,40,0.7,0.074,3,4,0.7,1000,0.1,2.3,True,1000,853,0,291,113
174,170,18,100,40,40,0.7,0.074,3,9,0.7,1000,0.1,2.3,True,1000,834,0,304,117
175,175,19,100,40,40,0.7,0.074,3,5,0.7,1000,0.1,2.3,True,1000,835,0,295,127
176,176,19,100,40,40,0.7,0.074,3,6,0.7,1000,0.1,2.3,True,1000,844,0,288,135
177,177,19,100,40,40,0.7,0.074,3,7,0.7,1000,0.1,2.3,True,1000,834,0,312,118
178,178,19,100,40,40,0.7,0.074,3,8,0.7,1000,0.1,2.3,True,1000,857,0,325,113
179,182,20,100,40,40,0.7,0.074,3,3,0.7,1000,0.1,2.3,True,1000,810,1,301,114
180,181,20,100,40,40,0.7,0.074,3,2,0.7,1000,0.1,2.3,True,1000,864,4,290,104
181,180,20,100,40,40,0.7,0.074,3,1,0.7,1000,0.1,2.3,True,1000,972,3,205,126
182,183,20,100,40,40,0.7,0.074,3,4,0.7,1000,0.1,2.3,True,1000,864,0,321,107
183,179,19,100,40,40,0.7,0.074,3,9,0.7,1000,0.1,2.3,True,1000,843,0,309,122
184,184,20,100,40,40,0.7,0.074,3,5,0.7,1000,0.1,2.3,True,1000,800,0,327,100
185,185,20,100,40,40,0.7,0.074,3,6,0.7,1000,0.1,2.3,True,1000,834,0,300,135
186,186,20,100,40,40,0.7,0.074,3,7,0.7,1000,0.1,2.3,True,1000,837,0,321,122
187,189,21,100,40,40,0.7,0.074,3,1,0.7,1000,0.1,2.3,True,1000,907,6,210,104
188,187,20,100,40,40,0.7,0.074,3,8,0.7,1000,0.1,2.3,True,1000,836,0,307,120
189,190,21,100,40,40,0.7,0.074,3,2,0.7,1000,0.1,2.3,True,1000,867,1,288,98
190,191,21,100,40,40,0.7,0.074,3,3,0.7,1000,0.1,2.3,True,1000,852,0,284,112
191,188,20,100,40,40,0.7,0.074,3,9,0.7,1000,0.1,2.3,True,1000,841,0,324,102
192,192,21,100,40,40,0.7,0.074,3,4,0.7,1000,0.1,2.3,True,1000,846,0,316,115
193,193,21,100,40,40,0.7,0.074,3,5,0.7,1000,0.1,2.3,True,1000,874,0,297,123
194,194,21,100,40,40,0.7,0.074,3,6,0.7,1000,0.1,2.3,True,1000,828,0,304,123
195,195,21,100,40,40,0.7,0.074,3,7,0.7,1000,0.1,2.3,True,1000,835,0,306,112
196,198,22,100,40,40,0.7,0.074,3,1,0.7,1000,0.1,2.3,True,1000,905,7,216,115
197,199,22,100,40,40,0.7,0.074,3,2,0.7,1000,0.1,2.3,True,1000,855,6,262,131
198,200,22,100,40,40,0.7,0.074,3,3,0.7,1000,0.1,2.3,True,1000,851,0,306,95
199,196,21,100,40,40,0.7,0.074,3,8,0.7,1000,0.1,2.3,True,1000,848,0,305,114
200,201,22,100,40,40,0.7,0.074,3,4,0.7,1000,0.1,2.3,True,1000,837,0,304,126
201,197,21,100,40,40,0.7,0.074,3,9,0.7,1000,0.1,2.3,True,1000,830,0,317,106
202,202,22,100,40,40,0.7,0.074,3,5,0.7,1000,0.1,2.3,True,1000,842,0,311,110
203,203,22,100,40,40,0.7,0.074,3,6,0.7,1000,0.1,2.3,True,1000,852,0,298,130
204,204,22,100,40,40,0.7,0.074,3,7,0.7,1000,0.1,2.3,True,1000,835,0,310,118
205,207,23,100,40,40,0.7,0.074,3,1,0.7,1000,0.1,2.3,True,1000,948,10,192,126
206,205,22,100,40,40,0.7,0.074,3,8,0.7,1000,0.1,2.3,True,1000,801,0,289,134
207,208,23,100,40,40,0.7,0.074,3,2,0.7,1000,0.1,2.3,True,1000,873,4,269,112
208,209,23,100,40,40,0.7,0.074,3,3,0.7,1000,0.1,2.3,True,1000,850,0,283,116
209,206,22,100,40,40,0.7,0.074,3,9,0.7,1000,0.1,2.3,True,1000,858,0,311,117
210,210,23,100,40,40,0.7,0.074,3,4,0.7,1000,0.1,2.3,True,1000,859,0,309,118
211,211,23,100,40,40,0.7,0.074,3,5,0.7,1000,0.1,2.3,True,1000,849,0,309,127
212,212,23,100,40,40,0.7,0.074,3,6,0.7,1000,0.1,2.3,True,1000,836,0,311,113
213,213,23,100,40,40,0.7,0.074,3,7,0.7,1000,0.1,2.3,True,1000,867,0,306,118
214,216,24,100,40,40,0.7,0.074,3,1,0.7,1000,0.1,2.3,True,1000,931,10,186,137
215,217,24,100,40,40,0.7,0.074,3,2,0.7,1000,0.1,2.3,True,1000,876,2,255,122
216,214,23,100,40,40,0.7,0.074,3,8,0.7,1000,0.1,2.3,True,1000,835,0,307,121
217,218,24,100,40,40,0.7,0.074,3,3,0.7,1000,0.1,2.3,True,1000,868,0,297,114
218,219,24,100,40,40,0.7,0.074,3,4,0.7,1000,0.1,2.3,True,1000,847,1,297,118
219,220,24,100,40,40,0.7,0.074,3,5,0.7,1000,0.1,2.3,True,1000,842,0,300,128
220,215,23,100,40,40,0.7,0.074,3,9,0.7,1000,0.1,2.3,True,1000,832,0,304,130
221,221,24,100,40,40,0.7,0.074,3,6,0.7,1000,0.1,2.3,True,1000,840,0,313,112
222,222,24,100,40,40,0.7,0.074,3,7,0.7,1000,0.1,2.3,True,1000,841,0,291,137
223,225,25,100,40,40,0.7,0.074,3,1,0.7,1000,0.1,2.3,True,1000,912,1,207,122
224,226,25,100,40,40,0.7,0.074,3,2,0.7,1000,0.1,2.3,True,1000,884,1,257,116
225,223,24,100,40,40,0.7,0.074,3,8,0.7,1000,0.1,2.3,True,1000,838,0,338,98
226,227,25,100,40,40,0.7,0.074,3,3,0.7,1000,0.1,2.3,True,1000,833,0,283,130
227,228,25,100,40,40,0.7,0.074,3,4,0.7,1000,0.1,2.3,True,1000,829,1,303,125
228,224,24,100,40,40,0.7,0.074,3,9,0.7,1000,0.1,2.3,True,1000,840,0,333,106
229,229,25,100,40,40,0.7,0.074,3,5,0.7,1000,0.1,2.3,True,1000,832,0,302,120
230,230,25,100,40,40,0.7,0.074,3,6,0.7,1000,0.1,2.3,True,1000,822,0,305,121
231,231,25,100,40,40,0.7,0.074,3,7,0.7,1000,0.1,2.3,True,1000,848,0,305,120
232,232,25,100,40,40,0.7,0.074,3,8,0.7,1000,0.1,2.3,True,1000,861,0,308,127
233,235,26,100,40,40,0.7,0.074,3,2,0.7,1000,0.1,2.3,True,1000,872,1,284,99
234,234,26,100,40,40,0.7,0.074,3,1,0.7,1000,0.1,2.3,True,1000,931,5,194,123
235,236,26,100,40,40,0.7,0.074,3,3,0.7,1000,0.1,2.3,True,1000,872,0,309,103
236,233,25,100,40,40,0.7,0.074,3,9,0.7,1000,0.1,2.3,True,1000,834,0,321,108
237,237,26,100,40,40,0.7,0.074,3,4,0.7,1000,0.1,2.3,True,1000,825,0,297,126
238,238,26,100,40,40,0.7,0.074,3,5,0.7,1000,0.1,2.3,True,1000,836,0,297,119
239,239,26,100,40,40,0.7,0.074,3,6,0.7,1000,0.1,2.3,True,1000,844,0,299,128
240,240,26,100,40,40,0.7,0.074,3,7,0.7,1000,0.1,2.3,True,1000,831,0,302,128
241,241,26,100,40,40,0.7,0.074,3,8,0.7,1000,0.1,2.3,True,1000,839,1,313,111
242,243,27,100,40,40,0.7,0.074,3,1,0.7,1000,0.1,2.3,True,1000,949,8,199,125
243,244,27,100,40,40,0.7,0.074,3,2,0.7,1000,0.1,2.3,True,1000,875,1,272,128
244,245,27,100,40,40,0.7,0.074,3,3,0.7,1000,0.1,2.3,True,1000,866,0,292,123
245,242,26,100,40,40,0.7,0.074,3,9,0.7,1000,0.1,2.3,True,1000,848,0,306,122
246,246,27,100,40,40,0.7,0.074,3,4,0.7,1000,0.1,2.3,True,1000,830,0,315,107
247,247,27,100,40,40,0.7,0.074,3,5,0.7,1000,0.1,2.3,True,1000,824,0,289,131
248,248,27,100,40,40,0.7,0.074,3,6,0.7,1000,0.1,2.3,True,1000,860,0,315,113
249,249,27,100,40,40,0.7,0.074,3,7,0.7,1000,0.1,2.3,True,1000,860,0,333,105
250,250,27,100,40,40,0.7,0.074,3,8,0.7,1000,0.1,2.3,True,1000,838,0,328,111
251,252,28,100,40,40,0.7,0.074,3,1,0.7,1000,0.1,2.3,True,1000,929,6,202,120
252,253,28,100,40,40,0.7,0.074,3,2,0.7,1000,0.1,2.3,True,1000,860,0,280,98
253,254,28,100,40,40,0.7,0.074,3,3,0.7,1000,0.1,2.3,True,1000,862,1,295,119
254,251,27,100,40,40,0.7,0.074,3,9,0.7,1000,0.1,2.3,True,1000,834,0,329,113
255,255,28,100,40,40,0.7,0.074,3,4,0.7,1000,0.1,2.3,True,1000,846,0,287,139
256,256,28,100,40,40,0.7,0.074,3,5,0.7,1000,0.1,2.3,True,1000,826,0,310,118
257,257,28,100,40,40,0.7,0.074,3,6,0.7,1000,0.1,2.3,True,1000,857,0,318,104
258,258,28,100,40,40,0.7,0.074,3,7,0.7,1000,0.1,2.3,True,1000,839,0,309,119
259,261,29,100,40,40,0.7,0.074,3,1,0.7,1000,0.1,2.3,True,1000,925,8,218,103
260,259,28,100,40,40,0.7,0.074,3,8,0.7,1000,0.1,2.3,True,1000,839,0,303,127
261,262,29,100,40,40,0.7,0.074,3,2,0.7,1000,0.1,2.3,True,1000,882,0,257,117
262,263,29,100,40,40,0.7,0.074,3,3,0.7,1000,0.1,2.3,True,1000,847,0,308,106
263,264,29,100,40,40,0.7,0.074,3,4,0.7,1000,0.1,2.3,True,1000,854,0,316,117
264,260,28,100,40,40,0.7,0.074,3,9,0.7,1000,0.1,2.3,True,1000,830,0,310,129
265,265,29,100,40,40,0.7,0.074,3,5,0.7,1000,0.1,2.3,True,1000,830,0,315,114
266,266,29,100,40,40,0.7,0.074,3,6,0.7,1000,0.1,2.3,True,1000,821,0,289,134
267,267,29,100,40,40,0.7,0.074,3,7,0.7,1000,0.1,2.3,True,1000,832,0,312,114
268,270,30,100,40,40,0.7,0.074,3,1,0.7,1000,0.1,2.3,True,1000,935,9,195,122
269,268,29,100,40,40,0.7,0.074,3,8,0.7,1000,0.1,2.3,True,1000,845,0,281,136
270,271,30,100,40,40,0.7,0.074,3,2,0.7,1000,0.1,2.3,True,1000,892,3,258,130
271,272,30,100,40,40,0.7,0.074,3,3,0.7,1000,0.1,2.3,True,1000,873,0,300,105
272,273,30,100,40,40,0.7,0.074,3,4,0.7,1000,0.1,2.3,True,1000,826,0,308,128
273,269,29,100,40,40,0.7,0.074,3,9,0.7,1000,0.1,2.3,True,1000,848,0,312,118
274,274,30,100,40,40,0.7,0.074,3,5,0.7,1000,0.1,2.3,True,1000,826,1,299,127
275,275,30,100,40,40,0.7,0.074,3,6,0.7,1000,0.1,2.3,True,1000,848,0,311,111
276,276,30,100,40,40,0.7,0.074,3,7,0.7,1000,0.1,2.3,True,1000,814,0,315,122
277,279,31,100,40,40,0.7,0.074,3,1,0.7,1000,0.1,2.3,True,1000,919,7,225,112
278,277,30,100,40,40,0.7,0.074,3,8,0.7,1000,0.1,2.3,True,1000,833,0,322,103
279,280,31,100,40,40,0.7,0.074,3,2,0.7,1000,0.1,2.3,True,1000,828,4,272,112
280,281,31,100,40,40,0.7,0.074,3,3,0.7,1000,0.1,2.3,True,1000,864,0,286,133
281,278,30,100,40,40,0.7,0.074,3,9,0.7,1000,0.1,2.3,True,1000,849,0,310,106
282,282,31,100,40,40,0.7,0.074,3,4,0.7,1000,0.1,2.3,True,1000,851,0,295,117
283,283,31,100,40,40,0.7,0.074,3,5,0.7,1000,0.1,2.3,True,1000,818,0,310,121
284,284,31,100,40,40,0.7,0.074,3,6,0.7,1000,0.1,2.3,True,1000,854,0,304,139
285,285,31,100,40,40,0.7,0.074,3,7,0.7,1000,0.1,2.3,True,1000,830,0,307,121
286,288,32,100,40,40,0.7,0.074,3,1,0.7,1000,0.1,2.3,True,1000,941,7,190,126
287,286,31,100,40,40,0.7,0.074,3,8,0.7,1000,0.1,2.3,True,1000,846,1,325,106
288,289,32,100,40,40,0.7,0.074,3,2,0.7,1000,0.1,2.3,True,1000,881,3,261,114
289,290,32,100,40,40,0.7,0.074,3,3,0.7,1000,0.1,2.3,True,1000,857,0,298,125
290,291,32,100,40,40,0.7,0.074,3,4,0.7,1000,0.1,2.3,True,1000,832,0,319,88
291,292,32,100,40,40,0.7,0.074,3,5,0.7,1000,0.1,2.3,True,1000,817,0,268,133
292,287,31,100,40,40,0.7,0.074,3,9,0.7,1000,0.1,2.3,True,1000,848,0,307,127
293,293,32,100,40,40,0.7,0.074,3,6,0.7,1000,0.1,2.3,True,1000,843,0,328,112
294,294,32,100,40,40,0.7,0.074,3,7,0.7,1000,0.1,2.3,True,1000,838,0,296,127
295,295,32,100,40,40,0.7,0.074,3,8,0.7,1000,0.1,2.3,True,1000,851,0,313,117
296,298,33,100,40,40,0.7,0.074,3,2,0.7,1000,0.1,2.3,True,1000,869,3,237,135
297,297,33,100,40,40,0.7,0.074,3,1,0.7,1000,0.1,2.3,True,1000,954,12,187,115
298,299,33,100,40,40,0.7,0.074,3,3,0.7,1000,0.1,2.3,True,1000,830,0,308,107
299,300,33,100,40,40,0.7,0.074,3,4,0.7,1000,0.1,2.3,True,1000,853,0,311,114
300,296,32,100,40,40,0.7,0.074,3,9,0.7,1000,0.1,2.3,True,1000,831,0,303,126
301,301,33,100,40,40,0.7,0.074,3,5,0.7,1000,0.1,2.3,True,1000,852,0,300,134
302,302,33,100,40,40,0.7,0.074,3,6,0.7,1000,0.1,2.3,True,1000,822,0,299,134
303,303,33,100,40,40,0.7,0.074,3,7,0.7,1000,0.1,2.3,True,1000,830,0,286,141
304,306,34,100,40,40,0.7,0.074,3,1,0.7,1000,0.1,2.3,True,1000,947,3,204,122
305,307,34,100,40,40,0.7,0.074,3,2,0.7,1000,0.1,2.3,True,1000,870,1,270,121
306,304,33,100,40,40,0.7,0.074,3,8,0.7,1000,0.1,2.3,True,1000,875,0,307,135
307,308,34,100,40,40,0.7,0.074,3,3,0.7,1000,0.1,2.3,True,1000,888,2,285,122
308,309,34,100,40,40,0.7,0.074,3,4,0.7,1000,0.1,2.3,True,1000,864,1,272,135
309,305,33,100,40,40,0.7,0.074,3,9,0.7,1000,0.1,2.3,True,1000,826,0,309,131
310,310,34,100,40,40,0.7,0.074,3,5,0.7,1000,0.1,2.3,True,1000,832,1,306,128
311,311,34,100,40,40,0.7,0.074,3,6,0.7,1000,0.1,2.3,True,1000,834,0,297,123
312,312,34,100,40,40,0.7,0.074,3,7,0.7,1000,0.1,2.3,True,1000,841,0,302,138
313,313,34,100,40,40,0.7,0.074,3,8,0.7,1000,0.1,2.3,True,1000,837,0,304,122
314,315,35,100,40,40,0.7,0.074,3,1,0.7,1000,0.1,2.3,True,1000,925,6,184,124
315,316,35,100,40,40,0.7,0.074,3,2,0.7,1000,0.1,2.3,True,1000,875,2,272,120
316,317,35,100,40,40,0.7,0.074,3,3,0.7,1000,0.1,2.3,True,1000,858,0,295,111
317,318,35,100,40,40,0.7,0.074,3,4,0.7,1000,0.1,2.3,True,1000,841,0,309,109
318,319,35,100,40,40,0.7,0.074,3,5,0.7,1000,0.1,2.3,True,1000,829,0,327,121
319,314,34,100,40,40,0.7,0.074,3,9,0.7,1000,0.1,2.3,True,1000,849,0,302,128
320,320,35,100,40,40,0.7,0.074,3,6,0.7,1000,0.1,2.3,True,1000,830,0,316,122
321,321,35,100,40,40,0.7,0.074,3,7,0.7,1000,0.1,2.3,True,1000,832,0,309,112
322,322,35,100,40,40,0.7,0.074,3,8,0.7,1000,0.1,2.3,True,1000,834,0,305,121
323,324,36,100,40,40,0.7,0.074,3,1,0.7,1000,0.1,2.3,True,1000,953,2,197,125
324,325,36,100,40,40,0.7,0.074,3,2,0.7,1000,0.1,2.3,True,1000,875,0,257,125
325,326,36,100,40,40,0.7,0.074,3,3,0.7,1000,0.1,2.3,True,1000,854,1,280,130
326,323,35,100,40,40,0.7,0.074,3,9,0.7,1000,0.1,2.3,True,1000,842,0,307,125
327,327,36,100,40,40,0.7,0.074,3,4,0.7,1000,0.1,2.3,True,1000,846,0,294,136
328,328,36,100,40,40,0.7,0.074,3,5,0.7,1000,0.1,2.3,True,1000,845,0,308,123
329,329,36,100,40,40,0.7,0.074,3,6,0.7,1000,0.1,2.3,True,1000,823,0,305,120
330,330,36,100,40,40,0.7,0.074,3,7,0.7,1000,0.1,2.3,True,1000,850,0,309,126
331,331,36,100,40,40,0.7,0.074,3,8,0.7,1000,0.1,2.3,True,1000,827,0,321,109
332,334,37,100,40,40,0.7,0.074,3,2,0.7,1000,0.1,2.3,True,1000,876,1,266,112
333,333,37,100,40,40,0.7,0.074,3,1,0.7,1000,0.1,2.3,True,1000,942,4,211,115
334,335,37,100,40,40,0.7,0.074,3,3,0.7,1000,0.1,2.3,True,1000,846,0,287,122
335,332,36,100,40,40,0.7,0.074,3,9,0.7,1000,0.1,2.3,True,1000,830,0,299,112
336,336,37,100,40,40,0.7,0.074,3,4,0.7,1000,0.1,2.3,True,1000,839,2,298,129
337,337,37,100,40,40,0.7,0.074,3,5,0.7,1000,0.1,2.3,True,1000,841,0,300,112
338,338,37,100,40,40,0.7,0.074,3,6,0.7,1000,0.1,2.3,True,1000,862,0,313,113
339,339,37,100,40,40,0.7,0.074,3,7,0.7,1000,0.1,2.3,True,1000,842,0,318,102
340,342,38,100,40,40,0.7,0.074,3,1,0.7,1000,0.1,2.3,True,1000,927,5,208,111
341,343,38,100,40,40,0.7,0.074,3,2,0.7,1000,0.1,2.3,True,1000,899,2,264,124
342,340,37,100,40,40,0.7,0.074,3,8,0.7,1000,0.1,2.3,True,1000,805,0,319,99
343,344,38,100,40,40,0.7,0.074,3,3,0.7,1000,0.1,2.3,True,1000,866,0,305,112
344,341,37,100,40,40,0.7,0.074,3,9,0.7,1000,0.1,2.3,True,1000,835,0,296,125
345,345,38,100,40,40,0.7,0.074,3,4,0.7,1000,0.1,2.3,True,1000,840,0,286,129
346,346,38,100,40,40,0.7,0.074,3,5,0.7,1000,0.1,2.3,True,1000,861,0,304,113
347,347,38,100,40,40,0.7,0.074,3,6,0.7,1000,0.1,2.3,True,1000,849,0,292,132
348,348,38,100,40,40,0.7,0.074,3,7,0.7,1000,0.1,2.3,True,1000,834,0,329,103
349,349,38,100,40,40,0.7,0.074,3,8,0.7,1000,0.1,2.3,True,1000,845,0,329,103
350,351,39,100,40,40,0.7,0.074,3,1,0.7,1000,0.1,2.3,True,1000,954,3,200,125
351,352,39,100,40,40,0.7,0.074,3,2,0.7,1000,0.1,2.3,True,1000,883,2,255,124
352,353,39,100,40,40,0.7,0.074,3,3,0.7,1000,0.1,2.3,True,1000,872,1,273,138
353,354,39,100,40,40,0.7,0.074,3,4,0.7,1000,0.1,2.3,True,1000,848,0,301,117
354,350,38,100,40,40,0.7,0.074,3,9,0.7,1000,0.1,2.3,True,1000,832,1,322,108
355,355,39,100,40,40,0.7,0.074,3,5,0.7,1000,0.1,2.3,True,1000,811,0,304,121
356,356,39,100,40,40,0.7,0.074,3,6,0.7,1000,0.1,2.3,True,1000,851,0,303,115
357,357,39,100,40,40,0.7,0.074,3,7,0.7,1000,0.1,2.3,True,1000,833,0,297,123
358,358,39,100,40,40,0.7,0.074,3,8,0.7,1000,0.1,2.3,True,1000,829,0,304,114
359,360,40,100,40,40,0.7,0.074,3,1,0.7,1000,0.1,2.3,True,1000,949,8,194,119
360,362,40,100,40,40,0.7,0.074,3,3,0.7,1000,0.1,2.3,True,1000,846,0,265,137
361,361,40,100,40,40,0.7,0.074,3,2,0.7,1000,0.1,2.3,True,1000,897,3,258,116
362,359,39,100,40,40,0.7,0.074,3,9,0.7,1000,0.1,2.3,True,1000,819,0,292,133
363,363,40,100,40,40,0.7,0.074,3,4,0.7,1000,0.1,2.3,True,1000,832,0,305,129
364,364,40,100,40,40,0.7,0.074,3,5,0.7,1000,0.1,2.3,True,1000,844,0,318,105
365,365,40,100,40,40,0.7,0.074,3,6,0.7,1000,0.1,2.3,True,1000,829,0,310,119
366,366,40,100,40,40,0.7,0.074,3,7,0.7,1000,0.1,2.3,True,1000,830,0,314,108
367,367,40,100,40,40,0.7,0.074,3,8,0.7,1000,0.1,2.3,True,1000,848,0,323,109
368,370,41,100,40,40,0.7,0.074,3,2,0.7,1000,0.1,2.3,True,1000,863,0,277,120
369,371,41,100,40,40,0.7,0.074,3,3,0.7,1000,0.1,2.3,True,1000,851,2,302,102
370,369,41,100,40,40,0.7,0.074,3,1,0.7,1000,0.1,2.3,True,1000,947,8,221,117
371,372,41,100,40,40,0.7,0.074,3,4,0.7,1000,0.1,2.3,True,1000,855,0,316,109
372,368,40,100,40,40,0.7,0.074,3,9,0.7,1000,0.1,2.3,True,1000,819,0,302,125
373,373,41,100,40,40,0.7,0.074,3,5,0.7,1000,0.1,2.3,True,1000,842,0,299,121
374,374,41,100,40,40,0.7,0.074,3,6,0.7,1000,0.1,2.3,True,1000,840,0,294,125
375,375,41,100,40,40,0.7,0.074,3,7,0.7,1000,0.1,2.3,True,1000,862,0,291,132
376,376,41,100,40,40,0.7,0.074,3,8,0.7,1000,0.1,2.3,True,1000,855,0,315,111
377,380,42,100,40,40,0.7,0.074,3,3,0.7,1000,0.1,2.3,True,1000,853,0,290,111
378,378,42,100,40,40,0.7,0.074,3,1,0.7,1000,0.1,2.3,True,1000,926,14,213,105
379,379,42,100,40,40,0.7,0.074,3,2,0.7,1000,0.1,2.3,True,1000,880,3,246,127
380,377,41,100,40,40,0.7,0.074,3,9,0.7,1000,0.1,2.3,True,1000,824,0,302,121
381,381,42,100,40,40,0.7,0.074,3,4,0.7,1000,0.1,2.3,True,1000,808,1,309,101
382,382,42,100,40,40,0.7,0.074,3,5,0.7,1000,0.1,2.3,True,1000,839,1,302,116
383,383,42,100,40,40,0.7,0.074,3,6,0.7,1000,0.1,2.3,True,1000,855,1,312,118
384,384,42,100,40,40,0.7,0.074,3,7,0.7,1000,0.1,2.3,True,1000,868,0,329,100
385,389,43,100,40,40,0.7,0.074,3,3,0.7,1000,0.1,2.3,True,1000,840,0,273,129
386,387,43,100,40,40,0.7,0.074,3,1,0.7,1000,0.1,2.3,True,1000,920,18,192,118
387,385,42,100,40,40,0.7,0.074,3,8,0.7,1000,0.1,2.3,True,1000,858,0,313,126
388,388,43,100,40,40,0.7,0.074,3,2,0.7,1000,0.1,2.3,True,1000,877,0,255,137
389,390,43,100,40,40,0.7,0.074,3,4,0.7,1000,0.1,2.3,True,1000,833,0,310,99
390,386,42,100,40,40,0.7,0.074,3,9,0.7,1000,0.1,2.3,True,1000,849,0,318,115
391,391,43,100,40,40,0.7,0.074,3,5,0.7,1000,0.1,2.3,True,1000,842,0,288,134
392,392,43,100,40,40,0.7,0.074,3,6,0.7,1000,0.1,2.3,True,1000,826,1,310,128
393,393,43,100,40,40,0.7,0.074,3,7,0.7,1000,0.1,2.3,True,1000,850,0,324,99
394,394,43,100,40,40,0.7,0.074,3,8,0.7,1000,0.1,2.3,True,1000,854,0,305,111
395,396,44,100,40,40,0.7,0.074,3,1,0.7,1000,0.1,2.3,True,1000,939,7,209,119
396,397,44,100,40,40,0.7,0.074,3,2,0.7,1000,0.1,2.3,True,1000,888,1,255,134
397,398,44,100,40,40,0.7,0.074,3,3,0.7,1000,0.1,2.3,True,1000,859,2,290,117
398,399,44,100,40,40,0.7,0.074,3,4,0.7,1000,0.1,2.3,True,1000,859,0,311,112
399,400,44,100,40,40,0.7,0.074,3,5,0.7,1000,0.1,2.3,True,1000,837,0,304,119
400,395,43,100,40,40,0.7,0.074,3,9,0.7,1000,0.1,2.3,True,1000,853,0,305,106
401,401,44,100,40,40,0.7,0.074,3,6,0.7,1000,0.1,2.3,True,1000,848,1,313,104
402,402,44,100,40,40,0.7,0.074,3,7,0.7,1000,0.1,2.3,True,1000,846,0,307,123
403,403,44,100,40,40,0.7,0.074,3,8,0.7,1000,0.1,2.3,True,1000,850,0,318,106
404,406,45,100,40,40,0.7,0.074,3,2,0.7,1000,0.1,2.3,True,1000,872,0,261,117
405,405,45,100,40,40,0.7,0.074,3,1,0.7,1000,0.1,2.3,True,1000,952,6,193,128
406,407,45,100,40,40,0.7,0.074,3,3,0.7,1000,0.1,2.3,True,1000,861,2,300,112
407,408,45,100,40,40,0.7,0.074,3,4,0.7,1000,0.1,2.3,True,1000,841,0,324,113
408,404,44,100,40,40,0.7,0.074,3,9,0.7,1000,0.1,2.3,True,1000,838,0,285,141
409,409,45,100,40,40,0.7,0.074,3,5,0.7,1000,0.1,2.3,True,1000,819,0,299,135
410,410,45,100,40,40,0.7,0.074,3,6,0.7,1000,0.1,2.3,True,1000,849,0,314,126
411,411,45,100,40,40,0.7,0.074,3,7,0.7,1000,0.1,2.3,True,1000,825,0,301,115
412,414,46,100,40,40,0.7,0.074,3,1,0.7,1000,0.1,2.3,True,1000,916,4,222,118
413,415,46,100,40,40,0.7,0.074,3,2,0.7,1000,0.1,2.3,True,1000,878,3,261,121
414,412,45,100,40,40,0.7,0.074,3,8,0.7,1000,0.1,2.3,True,1000,847,0,308,131
415,416,46,100,40,40,0.7,0.074,3,3,0.7,1000,0.1,2.3,True,1000,854,1,296,121
416,417,46,100,40,40,0.7,0.074,3,4,0.7,1000,0.1,2.3,True,1000,833,0,303,122
417,413,45,100,40,40,0.7,0.074,3,9,0.7,1000,0.1,2.3,True,1000,847,0,304,127
418,418,46,100,40,40,0.7,0.074,3,5,0.7,1000,0.1,2.3,True,1000,836,0,295,119
419,419,46,100,40,40,0.7,0.074,3,6,0.7,1000,0.1,2.3,True,1000,813,0,323,111
420,420,46,100,40,40,0.7,0.074,3,7,0.7,1000,0.1,2.3,True,1000,844,0,287,128
421,423,47,100,40,40,0.7,0.074,3,1,0.7,1000,0.1,2.3,True,1000,910,11,226,110
422,424,47,100,40,40,0.7,0.074,3,2,0.7,1000,0.1,2.3,True,1000,864,0,257,129
423,421,46,100,40,40,0.7,0.074,3,8,0.7,1000,0.1,2.3,True,1000,841,0,326,106
424,425,47,100,40,40,0.7,0.074,3,3,0.7,1000,0.1,2.3,True,1000,863,1,291,118
425,422,46,100,40,40,0.7,0.074,3,9,0.7,1000,0.1,2.3,True,1000,828,0,322,101
426,426,47,100,40,40,0.7,0.074,3,4,0.7,1000,0.1,2.3,True,1000,848,1,313,114
427,427,47,100,40,40,0.7,0.074,3,5,0.7,1000,0.1,2.3,True,1000,860,0,305,128
428,428,47,100,40,40,0.7,0.074,3,6,0.7,1000,0.1,2.3,True,1000,827,0,321,96
429,429,47,100,40,40,0.7,0.074,3,7,0.7,1000,0.1,2.3,True,1000,842,0,313,114
430,430,47,100,40,40,0.7,0.074,3,8,0.7,1000,0.1,2.3,True,1000,842,0,317,104
431,432,48,100,40,40,0.7,0.074,3,1,0.7,1000,0.1,2.3,True,1000,947,1,181,138
432,433,48,100,40,40,0.7,0.074,3,2,0.7,1000,0.1,2.3,True,1000,885,1,272,127
433,434,48,100,40,40,0.7,0.074,3,3,0.7,1000,0.1,2.3,True,1000,847,1,290,124
434,435,48,100,40,40,0.7,0.074,3,4,0.7,1000,0.1,2.3,True,1000,828,0,295,116
435,431,47,100,40,40,0.7,0.074,3,9,0.7,1000,0.1,2.3,True,1000,810,0,320,106
436,436,48,100,40,40,0.7,0.074,3,5,0.7,1000,0.1,2.3,True,1000,826,0,304,135
437,437,48,100,40,40,0.7,0.074,3,6,0.7,1000,0.1,2.3,True,1000,853,0,313,117
438,438,48,100,40,40,0.7,0.074,3,7,0.7,1000,0.1,2.3,True,1000,857,0,326,120
439,439,48,100,40,40,0.7,0.074,3,8,0.7,1000,0.1,2.3,True,1000,845,0,309,123
440,441,49,100,40,40,0.7,0.074,3,1,0.7,1000,0.1,2.3,True,1000,898,15,230,106
441,442,49,100,40,40,0.7,0.074,3,2,0.7,1000,0.1,2.3,True,1000,868,3,266,120
442,443,49,100,40,40,0.7,0.074,3,3,0.7,1000,0.1,2.3,True,1000,865,1,310,112
443,440,48,100,40,40,0.7,0.074,3,9,0.7,1000,0.1,2.3,True,1000,829,0,311,108
444,444,49,100,40,40,0.7,0.074,3,4,0.7,1000,0.1,2.3,True,1000,862,0,295,125
445,445,49,100,40,40,0.7,0.074,3,5,0.7,1000,0.1,2.3,True,1000,837,0,310,107
446,446,49,100,40,40,0.7,0.074,3,6,0.7,1000,0.1,2.3,True,1000,821,0,307,111
447,447,49,100,40,40,0.7,0.074,3,7,0.7,1000,0.1,2.3,True,1000,844,0,301,127
448,448,49,100,40,40,0.7,0.074,3,8,0.7,1000,0.1,2.3,True,1000,839,0,311,117
449,449,49,100,40,40,0.7,0.074,3,9,0.7,1000,0.1,2.3,True,1000,831,0,317,113
