,RunId,iteration,Step,height,width,citizen_density,cop_density,citizen_vision,cop_vision,legitimacy_distribution,legitimacy_param_normal_mean,legitimacy_param_normal_stddev,max_jail_term,active_threshold,arrest_prob_constant,movement,max_iters,international_aid,shock_amount,Quiescent,Active,Jailed
0,18,2,300,40,40,0.7,0.02,7,2,normal,0.2,0.1,20,0.1,2.3,True,300,Aid Government,0.0,370,480,252
1,1,0,300,40,40,0.7,0.02,7,2,normal,0.2,0.1,20,0.1,2.3,True,300,Aid Government,0.1,528,308,268
2,2,0,300,40,40,0.7,0.02,7,2,normal,0.2,0.1,20,0.1,2.3,True,300,Aid Government,0.2,690,183,245
3,10,1,300,40,40,0.7,0.02,7,2,normal,0.2,0.1,20,0.1,2.3,True,300,Aid Government,0.1,508,321,287
4,0,0,300,40,40,0.7,0.02,7,2,normal,0.2,0.1,20,0.1,2.3,True,300,Aid Government,0.0,332,548,235
5,19,2,300,40,40,0.7,0.02,7,2,normal,0.2,0.1,20,0.1,2.3,True,300,Aid Government,0.1,386,503,245
6,9,1,300,40,40,0.7,0.02,7,2,normal,0.2,0.1,20,0.1,2.3,True,300,Aid Government,0.0,234,686,202
7,12,1,300,40,40,0.7,0.02,7,2,normal,0.2,0.1,20,0.1,2.3,True,300,Aid Government,0.30000000000000004,775,171,186
8,17,1,300,40,40,0.7,0.02,7,2,normal,0.2,0.1,20,0.1,2.3,True,300,Aid Government,0.8,1090,2,1
9,3,0,300,40,40,0.7,0.02,7,2,normal,0.2,0.1,20,0.1,2.3,True,300,Aid Government,0.30000000000000004,668,272,198
10,11,1,300,40,40,0.7,0.02,7,2,normal,0.2,0.1,20,0.1,2.3,True,300,Aid Government,0.2,528,390,233
11,13,1,300,40,40,0.7,0.02,7,2,normal,0.2,0.1,20,0.1,2.3,True,300,Aid Government,0.4,939,64,128
12,5,0,300,40,40,0.7,0.02,7,2,normal,0.2,0.1,20,0.1,2.3,True,300,Aid Government,0.5,898,132,97
13,14,1,300,40,40,0.7,0.02,7,2,normal,0.2,0.1,20,0.1,2.3,True,300,Aid Government,0.5,974,75,90
14,4,0,300,40,40,0.7,0.02,7,2,normal,0.2,0.1,20,0.1,2.3,True,300,Aid Government,0.4,875,136,135
15,7,0,300,40,40,0.7,0.02,7,2,normal,0.2,0.1,20,0.1,2.3,True,300,Aid Government,0.7000000000000001,1092,15,20
16,15,1,300,40,40,0.7,0.02,7,2,normal,0.2,0.1,20,0.1,2.3,True,300,Aid Government,0.6000000000000001,1001,81,45
17,8,0,300,40,40,0.7,0.02,7,2,normal,0.2,0.1,20,0.1,2.3,True,300,Aid Government,0.8,1133,3,3
18,6,0,300,40,40,0.7,0.02,7,2,normal,0.2,0.1,20,0.1,2.3,True,300,Aid Government,0.6000000000000001,1113,19,28
19,16,1,300,40,40,0.7,0.02,7,2,normal,0.2,0.1,20,0.1,2.3,True,300,Aid Government,0.7000000000000001,1132,13,11
20,20,2,300,40,40,0.7,0.02,7,2,normal,0.2,0.1,20,0.1,2.3,True,300,Aid Government,0.2,705,164,251
21,21,2,300,40,40,0.7,0.02,7,2,normal,0.2,0.1,20,0.1,2.3,True,300,Aid Government,0.30000000000000004,691,240,195
22,28,3,300,40,40,0.7,0.02,7,2,normal,0.2,0.1,20,0.1,2.3,True,300,Aid Government,0.1,589,252,279
23,24,2,300,40,40,0.7,0.02,7,2,normal,0.2,0.1,20,0.1,2.3,True,300,Aid Government,0.6000000000000001,1045,12,33
24,29,3,300,40,40,0.7,0.02,7,2,normal,0.2,0.1,20,0.1,2.3,True,300,Aid Government,0.2,599,254,259
25,27,3,300,40,40,0.7,0.02,7,2,normal,0.2,0.1,20,0.1,2.3,True,300,Aid Government,0.0,324,540,263
26,22,2,300,40,40,0.7,0.02,7,2,normal,0.2,0.1,20,0.1,2.3,True,300,Aid Government,0.4,821,182,142
27,31,3,300,40,40,0.7,0.02,7,2,normal,0.2,0.1,20,0.1,2.3,True,300,Aid Government,0.4,885,111,128
28,30,3,300,40,40,0.7,0.02,7,2,normal,0.2,0.1,20,0.1,2.3,True,300,Aid Government,0.30000000000000004,661,300,181
29,36,4,300,40,40,0.7,0.02,7,2,normal,0.2,0.1,20,0.1,2.3,True,300,Aid Government,0.0,323,537,258
30,25,2,300,40,40,0.7,0.02,7,2,normal,0.2,0.1,20,0.1,2.3,True,300,Aid Government,0.7000000000000001,1097,2,9
31,23,2,300,40,40,0.7,0.02,7,2,normal,0.2,0.1,20,0.1,2.3,True,300,Aid Government,0.5,1012,57,89
32,32,3,300,40,40,0.7,0.02,7,2,normal,0.2,0.1,20,0.1,2.3,True,300,Aid Government,0.5,955,112,81
33,33,3,300,40,40,0.7,0.02,7,2,normal,0.2,0.1,20,0.1,2.3,True,300,Aid Government,0.6000000000000001,1056,38,35
34,35,3,300,40,40,0.7,0.02,7,2,normal,0.2,0.1,20,0.1,2.3,True,300,Aid Government,0.8,1106,2,1
35,37,4,300,40,40,0.7,0.02,7,2,normal,0.2,0.1,20,0.1,2.3,True,300,Aid Government,0.1,400,509,236
36,26,2,300,40,40,0.7,0.02,7,2,normal,0.2,0.1,20,0.1,2.3,True,300,Aid Government,0.8,1139,1,2
37,38,4,300,40,40,0.7,0.02,7,2,normal,0.2,0.1,20,0.1,2.3,True,300,Aid Government,0.2,589,354,220
38,39,4,300,40,40,0.7,0.02,7,2,normal,0.2,0.1,20,0.1,2.3,True,300,Aid Government,0.30000000000000004,689,247,205
39,34,3,300,40,40,0.7,0.02,7,2,normal,0.2,0.1,20,0.1,2.3,True,300,Aid Government,0.7000000000000001,1127,17,15
40,45,5,300,40,40,0.7,0.02,7,2,normal,0.2,0.1,20,0.1,2.3,True,300,Aid Government,0.0,434,364,298
41,40,4,300,40,40,0.7,0.02,7,2,normal,0.2,0.1,20,0.1,2.3,True,300,Aid Government,0.4,954,47,136
42,46,5,300,40,40,0.7,0.02,7,2,normal,0.2,0.1,20,0.1,2.3,True,300,Aid Government,0.1,584,237,284
43,41,4,300,40,40,0.7,0.02,7,2,normal,0.2,0.1,20,0.1,2.3,True,300,Aid Government,0.5,964,73,85
44,47,5,300,40,40,0.7,0.02,7,2,normal,0.2,0.1,20,0.1,2.3,True,300,Aid Government,0.2,628,239,265
45,49,5,300,40,40,0.7,0.02,7,2,normal,0.2,0.1,20,0.1,2.3,True,300,Aid Government,0.4,858,117,146
46,42,4,300,40,40,0.7,0.02,7,2,normal,0.2,0.1,20,0.1,2.3,True,300,Aid Government,0.6000000000000001,1098,7,32
47,50,5,300,40,40,0.7,0.02,7,2,normal,0.2,0.1,20,0.1,2.3,True,300,Aid Government,0.5,1023,18,64
48,56,6,300,40,40,0.7,0.02,7,2,normal,0.2,0.1,20,0.1,2.3,True,300,Aid Government,0.2,572,287,239
49,48,5,300,40,40,0.7,0.02,7,2,normal,0.2,0.1,20,0.1,2.3,True,300,Aid Government,0.30000000000000004,732,221,187
50,44,4,300,40,40,0.7,0.02,7,2,normal,0.2,0.1,20,0.1,2.3,True,300,Aid Government,0.8,1134,2,1
51,43,4,300,40,40,0.7,0.02,7,2,normal,0.2,0.1,20,0.1,2.3,True,300,Aid Government,0.7000000000000001,1132,10,12
52,54,6,300,40,40,0.7,0.02,7,2,normal,0.2,0.1,20,0.1,2.3,True,300,Aid Government,0.0,339,536,247
53,55,6,300,40,40,0.7,0.02,7,2,normal,0.2,0.1,20,0.1,2.3,True,300,Aid Government,0.1,322,575,233
54,53,5,300,40,40,0.7,0.02,7,2,normal,0.2,0.1,20,0.1,2.3,True,300,Aid Government,0.8,1118,0,1
55,57,6,300,40,40,0.7,0.02,7,2,normal,0.2,0.1,20,0.1,2.3,True,300,Aid Government,0.30000000000000004,638,300,185
56,51,5,300,40,40,0.7,0.02,7,2,normal,0.2,0.1,20,0.1,2.3,True,300,Aid Government,0.6000000000000001,1089,11,28
57,58,6,300,40,40,0.7,0.02,7,2,normal,0.2,0.1,20,0.1,2.3,True,300,Aid Government,0.4,748,242,152
58,52,5,300,40,40,0.7,0.02,7,2,normal,0.2,0.1,20,0.1,2.3,True,300,Aid Government,0.7000000000000001,1137,8,9
59,59,6,300,40,40,0.7,0.02,7,2,normal,0.2,0.1,20,0.1,2.3,True,300,Aid Government,0.5,928,108,85
60,62,6,300,40,40,0.7,0.02,7,2,normal,0.2,0.1,20,0.1,2.3,True,300,Aid Government,0.8,1141,0,0
61,72,8,300,40,40,0.7,0.02,7,2,normal,0.2,0.1,20,0.1,2.3,True,300,Aid Government,0.0,626,152,320
62,61,6,300,40,40,0.7,0.02,7,2,normal,0.2,0.1,20,0.1,2.3,True,300,Aid Government,0.7000000000000001,1099,13,18
63,60,6,300,40,40,0.7,0.02,7,2,normal,0.2,0.1,20,0.1,2.3,True,300,Aid Government,0.6000000000000001,1022,77,52
64,63,7,300,40,40,0.7,0.02,7,2,normal,0.2,0.1,20,0.1,2.3,True,300,Aid Government,0.0,246,731,156
65,64,7,300,40,40,0.7,0.02,7,2,normal,0.2,0.1,20,0.1,2.3,True,300,Aid Government,0.1,404,481,250
66,65,7,300,40,40,0.7,0.02,7,2,normal,0.2,0.1,20,0.1,2.3,True,300,Aid Government,0.2,674,217,260
67,74,8,300,40,40,0.7,0.02,7,2,normal,0.2,0.1,20,0.1,2.3,True,300,Aid Government,0.2,592,252,244
68,66,7,300,40,40,0.7,0.02,7,2,normal,0.2,0.1,20,0.1,2.3,True,300,Aid Government,0.30000000000000004,820,127,195
69,67,7,300,40,40,0.7,0.02,7,2,normal,0.2,0.1,20,0.1,2.3,True,300,Aid Government,0.4,1003,30,88
70,69,7,300,40,40,0.7,0.02,7,2,normal,0.2,0.1,20,0.1,2.3,True,300,Aid Government,0.6000000000000001,1004,65,48
71,68,7,300,40,40,0.7,0.02,7,2,normal,0.2,0.1,20,0.1,2.3,True,300,Aid Government,0.5,992,69,81
72,73,8,300,40,40,0.7,0.02,7,2,normal,0.2,0.1,20,0.1,2.3,True,300,Aid Government,0.1,450,463,239
73,70,7,300,40,40,0.7,0.02,7,2,normal,0.2,0.1,20,0.1,2.3,True,300,Aid Government,0.7000000000000001,1113,8,15
74,75,8,300,40,40,0.7,0.02,7,2,normal,0.2,0.1,20,0.1,2.3,True,300,Aid Government,0.30000000000000004,644,322,182
75,71,7,300,40,40,0.7,0.02,7,2,normal,0.2,0.1,20,0.1,2.3,True,300,Aid Government,0.8,1127,6,5
76,77,8,300,40,40,0.7,0.02,7,2,normal,0.2,0.1,20,0.1,2.3,True,300,Aid Government,0.5,1003,50,74
77,76,8,300,40,40,0.7,0.02,7,2,normal,0.2,0.1,20,0.1,2.3,True,300,Aid Government,0.4,998,49,100
78,79,8,300,40,40,0.7,0.02,7,2,normal,0.2,0.1,20,0.1,2.3,True,300,Aid Government,0.7000000000000001,1078,4,15
79,78,8,300,40,40,0.7,0.02,7,2,normal,0.2,0.1,20,0.1,2.3,True,300,Aid Government,0.6000000000000001,1028,47,39
80,81,9,300,40,40,0.7,0.02,7,2,normal,0.2,0.1,20,0.1,2.3,True,300,Aid Government,0.0,353,494,295
81,83,9,300,40,40,0.7,0.02,7,2,normal,0.2,0.1,20,0.1,2.3,True,300,Aid Government,0.2,624,270,250
82,82,9,300,40,40,0.7,0.02,7,2,normal,0.2,0.1,20,0.1,2.3,True,300,Aid Government,0.1,308,613,185
83,84,9,300,40,40,0.7,0.02,7,2,normal,0.2,0.1,20,0.1,2.3,True,300,Aid Government,0.30000000000000004,577,358,192
84,91,10,300,40,40,0.7,0.02,7,2,normal,0.2,0.1,20,0.1,2.3,True,300,Aid Government,0.1,442,424,262
85,80,8,300,40,40,0.7,0.02,7,2,normal,0.2,0.1,20,0.1,2.3,True,300,Aid Government,0.8,1111,2,3
86,85,9,300,40,40,0.7,0.02,7,2,normal,0.2,0.1,20,0.1,2.3,True,300,Aid Government,0.4,885,107,140
87,88,9,300,40,40,0.7,0.02,7,2,normal,0.2,0.1,20,0.1,2.3,True,300,Aid Government,0.7000000000000001,1105,3,10
88,92,10,300,40,40,0.7,0.02,7,2,normal,0.2,0.1,20,0.1,2.3,True,300,Aid Government,0.2,588,275,250
89,93,10,300,40,40,0.7,0.02,7,2,normal,0.2,0.1,20,0.1,2.3,True,300,Aid Government,0.30000000000000004,801,132,194
90,86,9,300,40,40,0.7,0.02,7,2,normal,0.2,0.1,20,0.1,2.3,True,300,Aid Government,0.5,1037,52,59
91,89,9,300,40,40,0.7,0.02,7,2,normal,0.2,0.1,20,0.1,2.3,True,300,Aid Government,0.8,1130,1,2
92,87,9,300,40,40,0.7,0.02,7,2,normal,0.2,0.1,20,0.1,2.3,True,300,Aid Government,0.6000000000000001,1064,20,35
93,90,10,300,40,40,0.7,0.02,7,2,normal,0.2,0.1,20,0.1,2.3,True,300,Aid Government,0.0,287,668,196
94,99,11,300,40,40,0.7,0.02,7,2,normal,0.2,0.1,20,0.1,2.3,True,300,Aid Government,0.0,437,374,317
95,95,10,300,40,40,0.7,0.02,7,2,normal,0.2,0.1,20,0.1,2.3,True,300,Aid Government,0.5,981,52,89
96,94,10,300,40,40,0.7,0.02,7,2,normal,0.2,0.1,20,0.1,2.3,True,300,Aid Government,0.4,952,78,127
97,96,10,300,40,40,0.7,0.02,7,2,normal,0.2,0.1,20,0.1,2.3,True,300,Aid Government,0.6000000000000001,1033,46,29
98,97,10,300,40,40,0.7,0.02,7,2,normal,0.2,0.1,20,0.1,2.3,True,300,Aid Government,0.7000000000000001,1130,8,15
99,98,10,300,40,40,0.7,0.02,7,2,normal,0.2,0.1,20,0.1,2.3,True,300,Aid Government,0.8,1123,3,3
100,100,11,300,40,40,0.7,0.02,7,2,normal,0.2,0.1,20,0.1,2.3,True,300,Aid Government,0.1,562,276,277
101,102,11,300,40,40,0.7,0.02,7,2,normal,0.2,0.1,20,0.1,2.3,True,300,Aid Government,0.30000000000000004,736,195,196
102,101,11,300,40,40,0.7,0.02,7,2,normal,0.2,0.1,20,0.1,2.3,True,300,Aid Government,0.2,652,258,246
103,108,12,300,40,40,0.7,0.02,7,2,normal,0.2,0.1,20,0.1,2.3,True,300,Aid Government,0.0,323,503,259
104,103,11,300,40,40,0.7,0.02,7,2,normal,0.2,0.1,20,0.1,2.3,True,300,Aid Government,0.4,770,223,140
105,110,12,300,40,40,0.7,0.02,7,2,normal,0.2,0.1,20,0.1,2.3,True,300,Aid Government,0.2,591,276,237
106,104,11,300,40,40,0.7,0.02,7,2,normal,0.2,0.1,20,0.1,2.3,True,300,Aid Government,0.5,985,75,77
107,106,11,300,40,40,0.7,0.02,7,2,normal,0.2,0.1,20,0.1,2.3,True,300,Aid Government,0.7000000000000001,1094,14,13
108,111,12,300,40,40,0.7,0.02,7,2,normal,0.2,0.1,20,0.1,2.3,True,300,Aid Government,0.30000000000000004,648,275,198
109,107,11,300,40,40,0.7,0.02,7,2,normal,0.2,0.1,20,0.1,2.3,True,300,Aid Government,0.8,1122,1,4
110,109,12,300,40,40,0.7,0.02,7,2,normal,0.2,0.1,20,0.1,2.3,True,300,Aid Government,0.1,453,434,275
111,105,11,300,40,40,0.7,0.02,7,2,normal,0.2,0.1,20,0.1,2.3,True,300,Aid Government,0.6000000000000001,1011,86,42
112,112,12,300,40,40,0.7,0.02,7,2,normal,0.2,0.1,20,0.1,2.3,True,300,Aid Government,0.4,859,143,129
113,117,13,300,40,40,0.7,0.02,7,2,normal,0.2,0.1,20,0.1,2.3,True,300,Aid Government,0.0,506,281,324
114,113,12,300,40,40,0.7,0.02,7,2,normal,0.2,0.1,20,0.1,2.3,True,300,Aid Government,0.5,1033,33,74
115,114,12,300,40,40,0.7,0.02,7,2,normal,0.2,0.1,20,0.1,2.3,True,300,Aid Government,0.6000000000000001,1077,23,41
116,118,13,300,40,40,0.7,0.02,7,2,normal,0.2,0.1,20,0.1,2.3,True,300,Aid Government,0.1,431,448,250
117,115,12,300,40,40,0.7,0.02,7,2,normal,0.2,0.1,20,0.1,2.3,True,300,Aid Government,0.7000000000000001,1118,2,11
118,119,13,300,40,40,0.7,0.02,7,2,normal,0.2,0.1,20,0.1,2.3,True,300,Aid Government,0.2,722,177,223
119,116,12,300,40,40,0.7,0.02,7,2,normal,0.2,0.1,20,0.1,2.3,True,300,Aid Government,0.8,1131,3,3
120,120,13,300,40,40,0.7,0.02,7,2,normal,0.2,0.1,20,0.1,2.3,True,300,Aid Government,0.30000000000000004,612,332,202
121,121,13,300,40,40,0.7,0.02,7,2,normal,0.2,0.1,20,0.1,2.3,True,300,Aid Government,0.4,969,54,102
122,122,13,300,40,40,0.7,0.02,7,2,normal,0.2,0.1,20,0.1,2.3,True,300,Aid Government,0.5,1034,20,78
123,126,14,300,40,40,0.7,0.02,7,2,normal,0.2,0.1,20,0.1,2.3,True,300,Aid Government,0.0,469,347,307
124,128,14,300,40,40,0.7,0.02,7,2,normal,0.2,0.1,20,0.1,2.3,True,300,Aid Government,0.2,655,217,221
125,123,13,300,40,40,0.7,0.02,7,2,normal,0.2,0.1,20,0.1,2.3,True,300,Aid Government,0.6000000000000001,1049,28,43
126,129,14,300,40,40,0.7,0.02,7,2,normal,0.2,0.1,20,0.1,2.3,True,300,Aid Government,0.30000000000000004,690,228,186
127,127,14,300,40,40,0.7,0.02,7,2,normal,0.2,0.1,20,0.1,2.3,True,300,Aid Government,0.1,468,401,269
128,124,13,300,40,40,0.7,0.02,7,2,normal,0.2,0.1,20,0.1,2.3,True,300,Aid Government,0.7000000000000001,1122,6,8
129,125,13,300,40,40,0.7,0.02,7,2,normal,0.2,0.1,20,0.1,2.3,True,300,Aid Government,0.8,1115,1,2
130,131,14,300,40,40,0.7,0.02,7,2,normal,0.2,0.1,20,0.1,2.3,True,300,Aid Government,0.5,969,66,80
131,130,14,300,40,40,0.7,0.02,7,2,normal,0.2,0.1,20,0.1,2.3,True,300,Aid Government,0.4,775,213,156
132,136,15,300,40,40,0.7,0.02,7,2,normal,0.2,0.1,20,0.1,2.3,True,300,Aid Government,0.1,642,174,291
133,135,15,300,40,40,0.7,0.02,7,2,normal,0.2,0.1,20,0.1,2.3,True,300,Aid Government,0.0,341,549,241
134,132,14,300,40,40,0.7,0.02,7,2,normal,0.2,0.1,20,0.1,2.3,True,300,Aid Government,0.6000000000000001,1094,15,27
135,137,15,300,40,40,0.7,0.02,7,2,normal,0.2,0.1,20,0.1,2.3,True,300,Aid Government,0.2,604,288,246
136,138,15,300,40,40,0.7,0.02,7,2,normal,0.2,0.1,20,0.1,2.3,True,300,Aid Government,0.30000000000000004,791,164,182
137,133,14,300,40,40,0.7,0.02,7,2,normal,0.2,0.1,20,0.1,2.3,True,300,Aid Government,0.7000000000000001,1136,10,12
138,134,14,300,40,40,0.7,0.02,7,2,normal,0.2,0.1,20,0.1,2.3,True,300,Aid Government,0.8,1112,6,3
139,139,15,300,40,40,0.7,0.02,7,2,normal,0.2,0.1,20,0.1,2.3,True,300,Aid Government,0.4,898,117,108
140,140,15,300,40,40,0.7,0.02,7,2,normal,0.2,0.1,20,0.1,2.3,True,300,Aid Government,0.5,940,94,92
141,145,16,300,40,40,0.7,0.02,7,2,normal,0.2,0.1,20,0.1,2.3,True,300,Aid Government,0.1,523,343,275
142,144,16,300,40,40,0.7,0.02,7,2,normal,0.2,0.1,20,0.1,2.3,True,300,Aid Government,0.0,374,487,280
143,141,15,300,40,40,0.7,0.02,7,2,normal,0.2,0.1,20,0.1,2.3,True,300,Aid Government,0.6000000000000001,1019,67,48
144,142,15,300,40,40,0.7,0.02,7,2,normal,0.2,0.1,20,0.1,2.3,True,300,Aid Government,0.7000000000000001,1127,2,7
145,146,16,300,40,40,0.7,0.02,7,2,normal,0.2,0.1,20,0.1,2.3,True,300,Aid Government,0.2,539,390,208
146,143,15,300,40,40,0.7,0.02,7,2,normal,0.2,0.1,20,0.1,2.3,True,300,Aid Government,0.8,1139,0,4
147,149,16,300,40,40,0.7,0.02,7,2,normal,0.2,0.1,20,0.1,2.3,True,300,Aid Government,0.5,950,77,97
148,147,16,300,40,40,0.7,0.02,7,2,normal,0.2,0.1,20,0.1,2.3,True,300,Aid Government,0.30000000000000004,655,283,190
149,148,16,300,40,40,0.7,0.02,7,2,normal,0.2,0.1,20,0.1,2.3,True,300,Aid Government,0.4,816,163,153
150,154,17,300,40,40,0.7,0.02,7,2,normal,0.2,0.1,20,0.1,2.3,True,300,Aid Government,0.1,358,509,240
151,155,17,300,40,40,0.7,0.02,7,2,normal,0.2,0.1,20,0.1,2.3,True,300,Aid Government,0.2,517,354,221
152,151,16,300,40,40,0.7,0.02,7,2,normal,0.2,0.1,20,0.1,2.3,True,300,Aid Government,0.7000000000000001,1127,4,11
153,150,16,300,40,40,0.7,0.02,7,2,normal,0.2,0.1,20,0.1,2.3,True,300,Aid Government,0.6000000000000001,1024,59,41
154,153,17,300,40,40,0.7,0.02,7,2,normal,0.2,0.1,20,0.1,2.3,True,300,Aid Government,0.0,273,662,215
155,156,17,300,40,40,0.7,0.02,7,2,normal,0.2,0.1,20,0.1,2.3,True,300,Aid Government,0.30000000000000004,820,138,175
156,152,16,300,40,40,0.7,0.02,7,2,normal,0.2,0.1,20,0.1,2.3,True,300,Aid Government,0.8,1129,1,3
157,157,17,300,40,40,0.7,0.02,7,2,normal,0.2,0.1,20,0.1,2.3,True,300,Aid Government,0.4,926,83,139
158,159,17,300,40,40,0.7,0.02,7,2,normal,0.2,0.1,20,0.1,2.3,True,300,Aid Government,0.6000000000000001,1066,11,28
159,158,17,300,40,40,0.7,0.02,7,2,normal,0.2,0.1,20,0.1,2.3,True,300,Aid Government,0.5,1051,36,73
160,162,18,300,40,40,0.7,0.02,7,2,normal,0.2,0.1,20,0.1,2.3,True,300,Aid Government,0.0,374,443,301
161,163,18,300,40,40,0.7,0.02,7,2,normal,0.2,0.1,20,0.1,2.3,True,300,Aid Government,0.1,450,405,258
162,164,18,300,40,40,0.7,0.02,7,2,normal,0.2,0.1,20,0.1,2.3,True,300,Aid Government,0.2,635,239,245
163,160,17,300,40,40,0.7,0.02,7,2,normal,0.2,0.1,20,0.1,2.3,True,300,Aid Government,0.7000000000000001,1121,3,6
164,161,17,300,40,40,0.7,0.02,7,2,normal,0.2,0.1,20,0.1,2.3,True,300,Aid Government,0.8,1098,1,4
165,165,18,300,40,40,0.7,0.02,7,2,normal,0.2,0.1,20,0.1,2.3,True,300,Aid Government,0.30000000000000004,620,315,178
166,166,18,300,40,40,0.7,0.02,7,2,normal,0.2,0.1,20,0.1,2.3,True,300,Aid Government,0.4,900,108,121
167,167,18,300,40,40,0.7,0.02,7,2,normal,0.2,0.1,20,0.1,2.3,True,300,Aid Government,0.5,939,87,84
168,171,19,300,40,40,0.7,0.02,7,2,normal,0.2,0.1,20,0.1,2.3,True,300,Aid Government,0.0,416,375,317
169,169,18,300,40,40,0.7,0.02,7,2,normal,0.2,0.1,20,0.1,2.3,True,300,Aid Government,0.7000000000000001,1086,24,14
170,168,18,300,40,40,0.7,0.02,7,2,normal,0.2,0.1,20,0.1,2.3,True,300,Aid Government,0.6000000000000001,1090,4,24
171,172,19,300,40,40,0.7,0.02,7,2,normal,0.2,0.1,20,0.1,2.3,True,300,Aid Government,0.1,438,435,271
172,173,19,300,40,40,0.7,0.02,7,2,normal,0.2,0.1,20,0.1,2.3,True,300,Aid Government,0.2,532,372,226
173,170,18,300,40,40,0.7,0.02,7,2,normal,0.2,0.1,20,0.1,2.3,True,300,Aid Government,0.8,1131,2,1
174,175,19,300,40,40,0.7,0.02,7,2,normal,0.2,0.1,20,0.1,2.3,True,300,Aid Government,0.4,918,87,134
175,174,19,300,40,40,0.7,0.02,7,2,normal,0.2,0.1,20,0.1,2.3,True,300,Aid Government,0.30000000000000004,713,263,190
176,177,19,300,40,40,0.7,0.02,7,2,normal,0.2,0.1,20,0.1,2.3,True,300,Aid Government,0.6000000000000001,1078,10,26
177,176,19,300,40,40,0.7,0.02,7,2,normal,0.2,0.1,20,0.1,2.3,True,300,Aid Government,0.5,869,159,101
178,178,19,300,40,40,0.7,0.02,7,2,normal,0.2,0.1,20,0.1,2.3,True,300,Aid Government,0.7000000000000001,1124,24,13
179,179,19,300,40,40,0.7,0.02,7,2,normal,0.2,0.1,20,0.1,2.3,True,300,Aid Government,0.8,1122,8,5
180,180,20,300,40,40,0.7,0.02,7,2,normal,0.2,0.1,20,0.1,2.3,True,300,Aid Government,0.0,531,283,321
181,181,20,300,40,40,0.7,0.02,7,2,normal,0.2,0.1,20,0.1,2.3,True,300,Aid Government,0.1,623,204,287
182,183,20,300,40,40,0.7,0.02,7,2,normal,0.2,0.1,20,0.1,2.3,True,300,Aid Government,0.30000000000000004,755,179,174
183,184,20,300,40,40,0.7,0.02,7,2,normal,0.2,0.1,20,0.1,2.3,True,300,Aid Government,0.4,890,79,132
184,182,20,300,40,40,0.7,0.02,7,2,normal,0.2,0.1,20,0.1,2.3,True,300,Aid Government,0.2,475,457,212
185,189,21,300,40,40,0.7,0.02,7,2,normal,0.2,0.1,20,0.1,2.3,True,300,Aid Government,0.0,517,252,320
186,185,20,300,40,40,0.7,0.02,7,2,normal,0.2,0.1,20,0.1,2.3,True,300,Aid Government,0.5,933,104,89
187,186,20,300,40,40,0.7,0.02,7,2,normal,0.2,0.1,20,0.1,2.3,True,300,Aid Government,0.6000000000000001,1003,72,45
188,190,21,300,40,40,0.7,0.02,7,2,normal,0.2,0.1,20,0.1,2.3,True,300,Aid Government,0.1,603,254,292
189,187,20,300,40,40,0.7,0.02,7,2,normal,0.2,0.1,20,0.1,2.3,True,300,Aid Government,0.7000000000000001,1110,0,17
190,192,21,300,40,40,0.7,0.02,7,2,normal,0.2,0.1,20,0.1,2.3,True,300,Aid Government,0.30000000000000004,756,182,176
191,191,21,300,40,40,0.7,0.02,7,2,normal,0.2,0.1,20,0.1,2.3,True,300,Aid Government,0.2,437,477,209
192,188,20,300,40,40,0.7,0.02,7,2,normal,0.2,0.1,20,0.1,2.3,True,300,Aid Government,0.8,1153,9,4
193,193,21,300,40,40,0.7,0.02,7,2,normal,0.2,0.1,20,0.1,2.3,True,300,Aid Government,0.4,921,97,122
194,195,21,300,40,40,0.7,0.02,7,2,normal,0.2,0.1,20,0.1,2.3,True,300,Aid Government,0.6000000000000001,1066,29,29
195,194,21,300,40,40,0.7,0.02,7,2,normal,0.2,0.1,20,0.1,2.3,True,300,Aid Government,0.5,898,138,100
196,197,21,300,40,40,0.7,0.02,7,2,normal,0.2,0.1,20,0.1,2.3,True,300,Aid Government,0.8,1107,3,0
197,196,21,300,40,40,0.7,0.02,7,2,normal,0.2,0.1,20,0.1,2.3,True,300,Aid Government,0.7000000000000001,1118,0,8
198,199,22,300,40,40,0.7,0.02,7,2,normal,0.2,0.1,20,0.1,2.3,True,300,Aid Government,0.1,482,385,267
199,198,22,300,40,40,0.7,0.02,7,2,normal,0.2,0.1,20,0.1,2.3,True,300,Aid Government,0.0,272,656,220
200,200,22,300,40,40,0.7,0.02,7,2,normal,0.2,0.1,20,0.1,2.3,True,300,Aid Government,0.2,528,360,230
201,201,22,300,40,40,0.7,0.02,7,2,normal,0.2,0.1,20,0.1,2.3,True,300,Aid Government,0.30000000000000004,721,209,194
202,202,22,300,40,40,0.7,0.02,7,2,normal,0.2,0.1,20,0.1,2.3,True,300,Aid Government,0.4,878,119,127
203,203,22,300,40,40,0.7,0.02,7,2,normal,0.2,0.1,20,0.1,2.3,True,300,Aid Government,0.5,973,67,73
204,205,22,300,40,40,0.7,0.02,7,2,normal,0.2,0.1,20,0.1,2.3,True,300,Aid Government,0.7000000000000001,1091,7,5
205,207,23,300,40,40,0.7,0.02,7,2,normal,0.2,0.1,20,0.1,2.3,True,300,Aid Government,0.0,445,387,301
206,208,23,300,40,40,0.7,0.02,7,2,normal,0.2,0.1,20,0.1,2.3,True,300,Aid Government,0.1,493,355,281
207,209,23,300,40,40,0.7,0.02,7,2,normal,0.2,0.1,20,0.1,2.3,True,300,Aid Government,0.2,610,268,233
208,206,22,300,40,40,0.7,0.02,7,2,normal,0.2,0.1,20,0.1,2.3,True,300,Aid Government,0.8,1128,2,1
209,204,22,300,40,40,0.7,0.02,7,2,normal,0.2,0.1,20,0.1,2.3,True,300,Aid Government,0.6000000000000001,1108,20,32
210,210,23,300,40,40,0.7,0.02,7,2,normal,0.2,0.1,20,0.1,2.3,True,300,Aid Government,0.30000000000000004,680,251,190
211,211,23,300,40,40,0.7,0.02,7,2,normal,0.2,0.1,20,0.1,2.3,True,300,Aid Government,0.4,872,115,126
212,216,24,300,40,40,0.7,0.02,7,2,normal,0.2,0.1,20,0.1,2.3,True,300,Aid Government,0.0,519,248,343
213,212,23,300,40,40,0.7,0.02,7,2,normal,0.2,0.1,20,0.1,2.3,True,300,Aid Government,0.5,930,127,88
214,213,23,300,40,40,0.7,0.02,7,2,normal,0.2,0.1,20,0.1,2.3,True,300,Aid Government,0.6000000000000001,1098,19,39
215,214,23,300,40,40,0.7,0.02,7,2,normal,0.2,0.1,20,0.1,2.3,True,300,Aid Government,0.7000000000000001,1102,4,6
216,215,23,300,40,40,0.7,0.02,7,2,normal,0.2,0.1,20,0.1,2.3,True,300,Aid Government,0.8,1142,3,1
217,217,24,300,40,40,0.7,0.02,7,2,normal,0.2,0.1,20,0.1,2.3,True,300,Aid Government,0.1,405,548,233
218,219,24,300,40,40,0.7,0.02,7,2,normal,0.2,0.1,20,0.1,2.3,True,300,Aid Government,0.30000000000000004,742,190,188
219,218,24,300,40,40,0.7,0.02,7,2,normal,0.2,0.1,20,0.1,2.3,True,300,Aid Government,0.2,579,324,258
220,220,24,300,40,40,0.7,0.02,7,2,normal,0.2,0.1,20,0.1,2.3,True,300,Aid Government,0.4,755,238,150
221,221,24,300,40,40,0.7,0.02,7,2,normal,0.2,0.1,20,0.1,2.3,True,300,Aid Government,0.5,998,44,71
222,225,25,300,40,40,0.7,0.02,7,2,normal,0.2,0.1,20,0.1,2.3,True,300,Aid Government,0.0,401,459,288
223,222,24,300,40,40,0.7,0.02,7,2,normal,0.2,0.1,20,0.1,2.3,True,300,Aid Government,0.6000000000000001,1071,35,46
224,226,25,300,40,40,0.7,0.02,7,2,normal,0.2,0.1,20,0.1,2.3,True,300,Aid Government,0.1,369,505,231
225,224,24,300,40,40,0.7,0.02,7,2,normal,0.2,0.1,20,0.1,2.3,True,300,Aid Government,0.8,1125,3,3
226,228,25,300,40,40,0.7,0.02,7,2,normal,0.2,0.1,20,0.1,2.3,True,300,Aid Government,0.30000000000000004,682,237,203
227,227,25,300,40,40,0.7,0.02,7,2,normal,0.2,0.1,20,0.1,2.3,True,300,Aid Government,0.2,559,351,242
228,223,24,300,40,40,0.7,0.02,7,2,normal,0.2,0.1,20,0.1,2.3,True,300,Aid Government,0.7000000000000001,1112,33,7
229,229,25,300,40,40,0.7,0.02,7,2,normal,0.2,0.1,20,0.1,2.3,True,300,Aid Government,0.4,736,249,141
230,230,25,300,40,40,0.7,0.02,7,2,normal,0.2,0.1,20,0.1,2.3,True,300,Aid Government,0.5,929,99,108
231,231,25,300,40,40,0.7,0.02,7,2,normal,0.2,0.1,20,0.1,2.3,True,300,Aid Government,0.6000000000000001,1007,59,43
232,234,26,300,40,40,0.7,0.02,7,2,normal,0.2,0.1,20,0.1,2.3,True,300,Aid Government,0.0,679,129,291
233,235,26,300,40,40,0.7,0.02,7,2,normal,0.2,0.1,20,0.1,2.3,True,300,Aid Government,0.1,550,294,266
234,232,25,300,40,40,0.7,0.02,7,2,normal,0.2,0.1,20,0.1,2.3,True,300,Aid Government,0.7000000000000001,1084,8,9
235,233,25,300,40,40,0.7,0.02,7,2,normal,0.2,0.1,20,0.1,2.3,True,300,Aid Government,0.8,1136,2,1
236,237,26,300,40,40,0.7,0.02,7,2,normal,0.2,0.1,20,0.1,2.3,True,300,Aid Government,0.30000000000000004,729,199,180
237,236,26,300,40,40,0.7,0.02,7,2,normal,0.2,0.1,20,0.1,2.3,True,300,Aid Government,0.2,503,407,237
238,238,26,300,40,40,0.7,0.02,7,2,normal,0.2,0.1,20,0.1,2.3,True,300,Aid Government,0.4,666,289,147
239,239,26,300,40,40,0.7,0.02,7,2,normal,0.2,0.1,20,0.1,2.3,True,300,Aid Government,0.5,989,67,71
240,240,26,300,40,40,0.7,0.02,7,2,normal,0.2,0.1,20,0.1,2.3,True,300,Aid Government,0.6000000000000001,1103,13,29
241,241,26,300,40,40,0.7,0.02,7,2,normal,0.2,0.1,20,0.1,2.3,True,300,Aid Government,0.7000000000000001,1095,10,11
242,243,27,300,40,40,0.7,0.02,7,2,normal,0.2,0.1,20,0.1,2.3,True,300,Aid Government,0.0,380,455,286
243,246,27,300,40,40,0.7,0.02,7,2,normal,0.2,0.1,20,0.1,2.3,True,300,Aid Government,0.30000000000000004,740,177,173
244,245,27,300,40,40,0.7,0.02,7,2,normal,0.2,0.1,20,0.1,2.3,True,300,Aid Government,0.2,634,230,256
245,244,27,300,40,40,0.7,0.02,7,2,normal,0.2,0.1,20,0.1,2.3,True,300,Aid Government,0.1,494,389,281
246,247,27,300,40,40,0.7,0.02,7,2,normal,0.2,0.1,20,0.1,2.3,True,300,Aid Government,0.4,861,119,140
247,242,26,300,40,40,0.7,0.02,7,2,normal,0.2,0.1,20,0.1,2.3,True,300,Aid Government,0.8,1142,1,0
248,248,27,300,40,40,0.7,0.02,7,2,normal,0.2,0.1,20,0.1,2.3,True,300,Aid Government,0.5,956,117,66
249,249,27,300,40,40,0.7,0.02,7,2,normal,0.2,0.1,20,0.1,2.3,True,300,Aid Government,0.6000000000000001,1086,21,27
250,250,27,300,40,40,0.7,0.02,7,2,normal,0.2,0.1,20,0.1,2.3,True,300,Aid Government,0.7000000000000001,1088,9,6
251,253,28,300,40,40,0.7,0.02,7,2,normal,0.2,0.1,20,0.1,2.3,True,300,Aid Government,0.1,544,272,317
252,252,28,300,40,40,0.7,0.02,7,2,normal,0.2,0.1,20,0.1,2.3,True,300,Aid Government,0.0,310,585,247
253,251,27,300,40,40,0.7,0.02,7,2,normal,0.2,0.1,20,0.1,2.3,True,300,Aid Government,0.8,1138,0,1
254,255,28,300,40,40,0.7,0.02,7,2,normal,0.2,0.1,20,0.1,2.3,True,300,Aid Government,0.30000000000000004,762,141,190
255,254,28,300,40,40,0.7,0.02,7,2,normal,0.2,0.1,20,0.1,2.3,True,300,Aid Government,0.2,483,447,215
256,256,28,300,40,40,0.7,0.02,7,2,normal,0.2,0.1,20,0.1,2.3,True,300,Aid Government,0.4,823,122,161
257,257,28,300,40,40,0.7,0.02,7,2,normal,0.2,0.1,20,0.1,2.3,True,300,Aid Government,0.5,1018,47,75
258,259,28,300,40,40,0.7,0.02,7,2,normal,0.2,0.1,20,0.1,2.3,True,300,Aid Government,0.7000000000000001,1080,13,9
259,258,28,300,40,40,0.7,0.02,7,2,normal,0.2,0.1,20,0.1,2.3,True,300,Aid Government,0.6000000000000001,1130,6,24
260,261,29,300,40,40,0.7,0.02,7,2,normal,0.2,0.1,20,0.1,2.3,True,300,Aid Government,0.0,425,373,313
261,262,29,300,40,40,0.7,0.02,7,2,normal,0.2,0.1,20,0.1,2.3,True,300,Aid Government,0.1,449,418,265
262,263,29,300,40,40,0.7,0.02,7,2,normal,0.2,0.1,20,0.1,2.3,True,300,Aid Government,0.2,688,166,238
263,260,28,300,40,40,0.7,0.02,7,2,normal,0.2,0.1,20,0.1,2.3,True,300,Aid Government,0.8,1148,4,3
264,265,29,300,40,40,0.7,0.02,7,2,normal,0.2,0.1,20,0.1,2.3,True,300,Aid Government,0.4,757,200,143
265,264,29,300,40,40,0.7,0.02,7,2,normal,0.2,0.1,20,0.1,2.3,True,300,Aid Government,0.30000000000000004,766,183,199
266,266,29,300,40,40,0.7,0.02,7,2,normal,0.2,0.1,20,0.1,2.3,True,300,Aid Government,0.5,990,29,93
267,267,29,300,40,40,0.7,0.02,7,2,normal,0.2,0.1,20,0.1,2.3,True,300,Aid Government,0.6000000000000001,1088,10,30
268,271,30,300,40,40,0.7,0.02,7,2,normal,0.2,0.1,20,0.1,2.3,True,300,Aid Government,0.1,590,261,276
269,270,30,300,40,40,0.7,0.02,7,2,normal,0.2,0.1,20,0.1,2.3,True,300,Aid Government,0.0,509,285,337
270,269,29,300,40,40,0.7,0.02,7,2,normal,0.2,0.1,20,0.1,2.3,True,300,Aid Government,0.8,1088,2,1
271,272,30,300,40,40,0.7,0.02,7,2,normal,0.2,0.1,20,0.1,2.3,True,300,Aid Government,0.2,582,305,243
272,273,30,300,40,40,0.7,0.02,7,2,normal,0.2,0.1,20,0.1,2.3,True,300,Aid Government,0.30000000000000004,522,472,147
273,268,29,300,40,40,0.7,0.02,7,2,normal,0.2,0.1,20,0.1,2.3,True,300,Aid Government,0.7000000000000001,1134,13,21
274,274,30,300,40,40,0.7,0.02,7,2,normal,0.2,0.1,20,0.1,2.3,True,300,Aid Government,0.4,953,58,132
275,275,30,300,40,40,0.7,0.02,7,2,normal,0.2,0.1,20,0.1,2.3,True,300,Aid Government,0.5,937,88,104
276,276,30,300,40,40,0.7,0.02,7,2,normal,0.2,0.1,20,0.1,2.3,True,300,Aid Government,0.6000000000000001,1005,67,43
277,277,30,300,40,40,0.7,0.02,7,2,normal,0.2,0.1,20,0.1,2.3,True,300,Aid Government,0.7000000000000001,1086,1,7
278,279,31,300,40,40,0.7,0.02,7,2,normal,0.2,0.1,20,0.1,2.3,True,300,Aid Government,0.0,354,534,252
279,278,30,300,40,40,0.7,0.02,7,2,normal,0.2,0.1,20,0.1,2.3,True,300,Aid Government,0.8,1145,1,2
280,280,31,300,40,40,0.7,0.02,7,2,normal,0.2,0.1,20,0.1,2.3,True,300,Aid Government,0.1,523,298,280
281,281,31,300,40,40,0.7,0.02,7,2,normal,0.2,0.1,20,0.1,2.3,True,300,Aid Government,0.2,595,286,246
282,282,31,300,40,40,0.7,0.02,7,2,normal,0.2,0.1,20,0.1,2.3,True,300,Aid Government,0.30000000000000004,837,128,186
283,283,31,300,40,40,0.7,0.02,7,2,normal,0.2,0.1,20,0.1,2.3,True,300,Aid Government,0.4,998,37,91
284,289,32,300,40,40,0.7,0.02,7,2,normal,0.2,0.1,20,0.1,2.3,True,300,Aid Government,0.1,522,312,262
285,284,31,300,40,40,0.7,0.02,7,2,normal,0.2,0.1,20,0.1,2.3,True,300,Aid Government,0.5,925,122,93
286,288,32,300,40,40,0.7,0.02,7,2,normal,0.2,0.1,20,0.1,2.3,True,300,Aid Government,0.0,368,495,263
287,287,31,300,40,40,0.7,0.02,7,2,normal,0.2,0.1,20,0.1,2.3,True,300,Aid Government,0.8,1108,0,1
288,290,32,300,40,40,0.7,0.02,7,2,normal,0.2,0.1,20,0.1,2.3,True,300,Aid Government,0.2,559,328,240
289,285,31,300,40,40,0.7,0.02,7,2,normal,0.2,0.1,20,0.1,2.3,True,300,Aid Government,0.6000000000000001,1106,20,34
290,291,32,300,40,40,0.7,0.02,7,2,normal,0.2,0.1,20,0.1,2.3,True,300,Aid Government,0.30000000000000004,712,224,194
291,286,31,300,40,40,0.7,0.02,7,2,normal,0.2,0.1,20,0.1,2.3,True,300,Aid Government,0.7000000000000001,1128,26,6
292,292,32,300,40,40,0.7,0.02,7,2,normal,0.2,0.1,20,0.1,2.3,True,300,Aid Government,0.4,824,185,145
293,293,32,300,40,40,0.7,0.02,7,2,normal,0.2,0.1,20,0.1,2.3,True,300,Aid Government,0.5,951,90,95
294,294,32,300,40,40,0.7,0.02,7,2,normal,0.2,0.1,20,0.1,2.3,True,300,Aid Government,0.6000000000000001,1064,8,29
295,295,32,300,40,40,0.7,0.02,7,2,normal,0.2,0.1,20,0.1,2.3,True,300,Aid Government,0.7000000000000001,1108,8,11
296,298,33,300,40,40,0.7,0.02,7,2,normal,0.2,0.1,20,0.1,2.3,True,300,Aid Government,0.1,562,232,272
297,297,33,300,40,40,0.7,0.02,7,2,normal,0.2,0.1,20,0.1,2.3,True,300,Aid Government,0.0,413,414,304
298,296,32,300,40,40,0.7,0.02,7,2,normal,0.2,0.1,20,0.1,2.3,True,300,Aid Government,0.8,1137,1,1
299,299,33,300,40,40,0.7,0.02,7,2,normal,0.2,0.1,20,0.1,2.3,True,300,Aid Government,0.2,695,143,261
300,300,33,300,40,40,0.7,0.02,7,2,normal,0.2,0.1,20,0.1,2.3,True,300,Aid Government,0.30000000000000004,616,322,208
301,301,33,300,40,40,0.7,0.02,7,2,normal,0.2,0.1,20,0.1,2.3,True,300,Aid Government,0.4,725,258,144
302,302,33,300,40,40,0.7,0.02,7,2,normal,0.2,0.1,20,0.1,2.3,True,300,Aid Government,0.5,1013,41,81
303,308,34,300,40,40,0.7,0.02,7,2,normal,0.2,0.1,20,0.1,2.3,True,300,Aid Government,0.2,654,234,243
304,309,34,300,40,40,0.7,0.02,7,2,normal,0.2,0.1,20,0.1,2.3,True,300,Aid Government,0.30000000000000004,716,194,211
305,304,33,300,40,40,0.7,0.02,7,2,normal,0.2,0.1,20,0.1,2.3,True,300,Aid Government,0.7000000000000001,1107,4,7
306,303,33,300,40,40,0.7,0.02,7,2,normal,0.2,0.1,20,0.1,2.3,True,300,Aid Government,0.6000000000000001,1098,30,25
307,306,34,300,40,40,0.7,0.02,7,2,normal,0.2,0.1,20,0.1,2.3,True,300,Aid Government,0.0,336,562,260
308,310,34,300,40,40,0.7,0.02,7,2,normal,0.2,0.1,20,0.1,2.3,True,300,Aid Government,0.4,831,115,155
309,305,33,300,40,40,0.7,0.02,7,2,normal,0.2,0.1,20,0.1,2.3,True,300,Aid Government,0.8,1121,0,0
310,307,34,300,40,40,0.7,0.02,7,2,normal,0.2,0.1,20,0.1,2.3,True,300,Aid Government,0.1,332,631,195
311,311,34,300,40,40,0.7,0.02,7,2,normal,0.2,0.1,20,0.1,2.3,True,300,Aid Government,0.5,1024,36,82
312,312,34,300,40,40,0.7,0.02,7,2,normal,0.2,0.1,20,0.1,2.3,True,300,Aid Government,0.6000000000000001,1064,10,35
313,315,35,300,40,40,0.7,0.02,7,2,normal,0.2,0.1,20,0.1,2.3,True,300,Aid Government,0.0,413,408,328
314,313,34,300,40,40,0.7,0.02,7,2,normal,0.2,0.1,20,0.1,2.3,True,300,Aid Government,0.7000000000000001,1102,19,13
315,314,34,300,40,40,0.7,0.02,7,2,normal,0.2,0.1,20,0.1,2.3,True,300,Aid Government,0.8,1122,0,3
316,316,35,300,40,40,0.7,0.02,7,2,normal,0.2,0.1,20,0.1,2.3,True,300,Aid Government,0.1,509,369,268
317,317,35,300,40,40,0.7,0.02,7,2,normal,0.2,0.1,20,0.1,2.3,True,300,Aid Government,0.2,674,226,254
318,318,35,300,40,40,0.7,0.02,7,2,normal,0.2,0.1,20,0.1,2.3,True,300,Aid Government,0.30000000000000004,685,271,185
319,319,35,300,40,40,0.7,0.02,7,2,normal,0.2,0.1,20,0.1,2.3,True,300,Aid Government,0.4,842,170,135
320,320,35,300,40,40,0.7,0.02,7,2,normal,0.2,0.1,20,0.1,2.3,True,300,Aid Government,0.5,1063,27,61
321,321,35,300,40,40,0.7,0.02,7,2,normal,0.2,0.1,20,0.1,2.3,True,300,Aid Government,0.6000000000000001,989,84,45
322,322,35,300,40,40,0.7,0.02,7,2,normal,0.2,0.1,20,0.1,2.3,True,300,Aid Government,0.7000000000000001,1080,9,12
323,324,36,300,40,40,0.7,0.02,7,2,normal,0.2,0.1,20,0.1,2.3,True,300,Aid Government,0.0,452,311,332
324,325,36,300,40,40,0.7,0.02,7,2,normal,0.2,0.1,20,0.1,2.3,True,300,Aid Government,0.1,502,347,280
325,327,36,300,40,40,0.7,0.02,7,2,normal,0.2,0.1,20,0.1,2.3,True,300,Aid Government,0.30000000000000004,833,132,178
326,326,36,300,40,40,0.7,0.02,7,2,normal,0.2,0.1,20,0.1,2.3,True,300,Aid Government,0.2,484,453,219
327,323,35,300,40,40,0.7,0.02,7,2,normal,0.2,0.1,20,0.1,2.3,True,300,Aid Government,0.8,1122,0,2
328,328,36,300,40,40,0.7,0.02,7,2,normal,0.2,0.1,20,0.1,2.3,True,300,Aid Government,0.4,747,261,134
329,329,36,300,40,40,0.7,0.02,7,2,normal,0.2,0.1,20,0.1,2.3,True,300,Aid Government,0.5,983,68,87
330,330,36,300,40,40,0.7,0.02,7,2,normal,0.2,0.1,20,0.1,2.3,True,300,Aid Government,0.6000000000000001,1044,38,42
331,334,37,300,40,40,0.7,0.02,7,2,normal,0.2,0.1,20,0.1,2.3,True,300,Aid Government,0.1,566,263,256
332,333,37,300,40,40,0.7,0.02,7,2,normal,0.2,0.1,20,0.1,2.3,True,300,Aid Government,0.0,420,409,295
333,331,36,300,40,40,0.7,0.02,7,2,normal,0.2,0.1,20,0.1,2.3,True,300,Aid Government,0.7000000000000001,1104,15,10
334,336,37,300,40,40,0.7,0.02,7,2,normal,0.2,0.1,20,0.1,2.3,True,300,Aid Government,0.30000000000000004,794,140,190
335,332,36,300,40,40,0.7,0.02,7,2,normal,0.2,0.1,20,0.1,2.3,True,300,Aid Government,0.8,1139,17,4
336,335,37,300,40,40,0.7,0.02,7,2,normal,0.2,0.1,20,0.1,2.3,True,300,Aid Government,0.2,576,304,263
337,337,37,300,40,40,0.7,0.02,7,2,normal,0.2,0.1,20,0.1,2.3,True,300,Aid Government,0.4,889,113,122
338,338,37,300,40,40,0.7,0.02,7,2,normal,0.2,0.1,20,0.1,2.3,True,300,Aid Government,0.5,938,94,88
339,339,37,300,40,40,0.7,0.02,7,2,normal,0.2,0.1,20,0.1,2.3,True,300,Aid Government,0.6000000000000001,1102,30,37
340,340,37,300,40,40,0.7,0.02,7,2,normal,0.2,0.1,20,0.1,2.3,True,300,Aid Government,0.7000000000000001,1119,4,10
341,342,38,300,40,40,0.7,0.02,7,2,normal,0.2,0.1,20,0.1,2.3,True,300,Aid Government,0.0,409,429,279
342,343,38,300,40,40,0.7,0.02,7,2,normal,0.2,0.1,20,0.1,2.3,True,300,Aid Government,0.1,438,425,265
343,341,37,300,40,40,0.7,0.02,7,2,normal,0.2,0.1,20,0.1,2.3,True,300,Aid Government,0.8,1125,3,2
344,344,38,300,40,40,0.7,0.02,7,2,normal,0.2,0.1,20,0.1,2.3,True,300,Aid Government,0.2,601,296,236
345,345,38,300,40,40,0.7,0.02,7,2,normal,0.2,0.1,20,0.1,2.3,True,300,Aid Government,0.30000000000000004,829,97,179
346,346,38,300,40,40,0.7,0.02,7,2,normal,0.2,0.1,20,0.1,2.3,True,300,Aid Government,0.4,936,87,125
347,347,38,300,40,40,0.7,0.02,7,2,normal,0.2,0.1,20,0.1,2.3,True,300,Aid Government,0.5,939,94,107
348,351,39,300,40,40,0.7,0.02,7,2,normal,0.2,0.1,20,0.1,2.3,True,300,Aid Government,0.0,381,476,269
349,348,38,300,40,40,0.7,0.02,7,2,normal,0.2,0.1,20,0.1,2.3,True,300,Aid Government,0.6000000000000001,1101,28,30
350,352,39,300,40,40,0.7,0.02,7,2,normal,0.2,0.1,20,0.1,2.3,True,300,Aid Government,0.1,430,426,261
351,349,38,300,40,40,0.7,0.02,7,2,normal,0.2,0.1,20,0.1,2.3,True,300,Aid Government,0.7000000000000001,1133,7,9
352,353,39,300,40,40,0.7,0.02,7,2,normal,0.2,0.1,20,0.1,2.3,True,300,Aid Government,0.2,579,314,234
353,350,38,300,40,40,0.7,0.02,7,2,normal,0.2,0.1,20,0.1,2.3,True,300,Aid Government,0.8,1150,8,5
354,356,39,300,40,40,0.7,0.02,7,2,normal,0.2,0.1,20,0.1,2.3,True,300,Aid Government,0.5,989,48,80
355,355,39,300,40,40,0.7,0.02,7,2,normal,0.2,0.1,20,0.1,2.3,True,300,Aid Government,0.4,864,144,117
356,354,39,300,40,40,0.7,0.02,7,2,normal,0.2,0.1,20,0.1,2.3,True,300,Aid Government,0.30000000000000004,688,258,209
357,357,39,300,40,40,0.7,0.02,7,2,normal,0.2,0.1,20,0.1,2.3,True,300,Aid Government,0.6000000000000001,1064,41,39
358,358,39,300,40,40,0.7,0.02,7,2,normal,0.2,0.1,20,0.1,2.3,True,300,Aid Government,0.7000000000000001,1108,15,9
359,359,39,300,40,40,0.7,0.02,7,2,normal,0.2,0.1,20,0.1,2.3,True,300,Aid Government,0.8,1118,0,2
360,360,40,300,40,40,0.7,0.02,7,2,normal,0.2,0.1,20,0.1,2.3,True,300,Aid Government,0.0,476,320,329
361,361,40,300,40,40,0.7,0.02,7,2,normal,0.2,0.1,20,0.1,2.3,True,300,Aid Government,0.1,529,321,273
362,362,40,300,40,40,0.7,0.02,7,2,normal,0.2,0.1,20,0.1,2.3,True,300,Aid Government,0.2,745,138,218
363,363,40,300,40,40,0.7,0.02,7,2,normal,0.2,0.1,20,0.1,2.3,True,300,Aid Government,0.30000000000000004,770,182,183
364,364,40,300,40,40,0.7,0.02,7,2,normal,0.2,0.1,20,0.1,2.3,True,300,Aid Government,0.4,903,104,137
365,365,40,300,40,40,0.7,0.02,7,2,normal,0.2,0.1,20,0.1,2.3,True,300,Aid Government,0.5,1023,43,66
366,366,40,300,40,40,0.7,0.02,7,2,normal,0.2,0.1,20,0.1,2.3,True,300,Aid Government,0.6000000000000001,1086,10,26
367,369,41,300,40,40,0.7,0.02,7,2,normal,0.2,0.1,20,0.1,2.3,True,300,Aid Government,0.0,430,415,296
368,367,40,300,40,40,0.7,0.02,7,2,normal,0.2,0.1,20,0.1,2.3,True,300,Aid Government,0.7000000000000001,1116,13,13
369,370,41,300,40,40,0.7,0.02,7,2,normal,0.2,0.1,20,0.1,2.3,True,300,Aid Government,0.1,432,453,246
370,371,41,300,40,40,0.7,0.02,7,2,normal,0.2,0.1,20,0.1,2.3,True,300,Aid Government,0.2,522,386,231
371,372,41,300,40,40,0.7,0.02,7,2,normal,0.2,0.1,20,0.1,2.3,True,300,Aid Government,0.30000000000000004,732,227,181
372,368,40,300,40,40,0.7,0.02,7,2,normal,0.2,0.1,20,0.1,2.3,True,300,Aid Government,0.8,1139,0,2
373,373,41,300,40,40,0.7,0.02,7,2,normal,0.2,0.1,20,0.1,2.3,True,300,Aid Government,0.4,824,175,171
374,374,41,300,40,40,0.7,0.02,7,2,normal,0.2,0.1,20,0.1,2.3,True,300,Aid Government,0.5,1000,74,64
375,375,41,300,40,40,0.7,0.02,7,2,normal,0.2,0.1,20,0.1,2.3,True,300,Aid Government,0.6000000000000001,1087,33,29
376,376,41,300,40,40,0.7,0.02,7,2,normal,0.2,0.1,20,0.1,2.3,True,300,Aid Government,0.7000000000000001,1127,9,11
377,377,41,300,40,40,0.7,0.02,7,2,normal,0.2,0.1,20,0.1,2.3,True,300,Aid Government,0.8,1097,8,3
378,378,42,300,40,40,0.7,0.02,7,2,normal,0.2,0.1,20,0.1,2.3,True,300,Aid Government,0.0,300,616,233
379,379,42,300,40,40,0.7,0.02,7,2,normal,0.2,0.1,20,0.1,2.3,True,300,Aid Government,0.1,509,354,295
380,380,42,300,40,40,0.7,0.02,7,2,normal,0.2,0.1,20,0.1,2.3,True,300,Aid Government,0.2,595,293,253
381,381,42,300,40,40,0.7,0.02,7,2,normal,0.2,0.1,20,0.1,2.3,True,300,Aid Government,0.30000000000000004,705,227,202
382,382,42,300,40,40,0.7,0.02,7,2,normal,0.2,0.1,20,0.1,2.3,True,300,Aid Government,0.4,955,42,123
383,383,42,300,40,40,0.7,0.02,7,2,normal,0.2,0.1,20,0.1,2.3,True,300,Aid Government,0.5,899,124,94
384,384,42,300,40,40,0.7,0.02,7,2,normal,0.2,0.1,20,0.1,2.3,True,300,Aid Government,0.6000000000000001,1044,52,38
385,385,42,300,40,40,0.7,0.02,7,2,normal,0.2,0.1,20,0.1,2.3,True,300,Aid Government,0.7000000000000001,1102,13,12
386,387,43,300,40,40,0.7,0.02,7,2,normal,0.2,0.1,20,0.1,2.3,True,300,Aid Government,0.0,371,461,323
387,388,43,300,40,40,0.7,0.02,7,2,normal,0.2,0.1,20,0.1,2.3,True,300,Aid Government,0.1,561,305,286
388,386,42,300,40,40,0.7,0.02,7,2,normal,0.2,0.1,20,0.1,2.3,True,300,Aid Government,0.8,1144,4,1
389,391,43,300,40,40,0.7,0.02,7,2,normal,0.2,0.1,20,0.1,2.3,True,300,Aid Government,0.4,882,92,142
390,389,43,300,40,40,0.7,0.02,7,2,normal,0.2,0.1,20,0.1,2.3,True,300,Aid Government,0.2,474,476,215
391,390,43,300,40,40,0.7,0.02,7,2,normal,0.2,0.1,20,0.1,2.3,True,300,Aid Government,0.30000000000000004,580,373,205
392,392,43,300,40,40,0.7,0.02,7,2,normal,0.2,0.1,20,0.1,2.3,True,300,Aid Government,0.5,968,94,91
393,393,43,300,40,40,0.7,0.02,7,2,normal,0.2,0.1,20,0.1,2.3,True,300,Aid Government,0.6000000000000001,1051,41,32
394,396,44,300,40,40,0.7,0.02,7,2,normal,0.2,0.1,20,0.1,2.3,True,300,Aid Government,0.0,493,305,330
395,397,44,300,40,40,0.7,0.02,7,2,normal,0.2,0.1,20,0.1,2.3,True,300,Aid Government,0.1,447,411,252
396,394,43,300,40,40,0.7,0.02,7,2,normal,0.2,0.1,20,0.1,2.3,True,300,Aid Government,0.7000000000000001,1109,4,6
397,395,43,300,40,40,0.7,0.02,7,2,normal,0.2,0.1,20,0.1,2.3,True,300,Aid Government,0.8,1149,5,1
398,398,44,300,40,40,0.7,0.02,7,2,normal,0.2,0.1,20,0.1,2.3,True,300,Aid Government,0.2,592,301,243
399,399,44,300,40,40,0.7,0.02,7,2,normal,0.2,0.1,20,0.1,2.3,True,300,Aid Government,0.30000000000000004,551,361,186
400,400,44,300,40,40,0.7,0.02,7,2,normal,0.2,0.1,20,0.1,2.3,True,300,Aid Government,0.4,691,273,135
401,401,44,300,40,40,0.7,0.02,7,2,normal,0.2,0.1,20,0.1,2.3,True,300,Aid Government,0.5,1023,50,68
402,402,44,300,40,40,0.7,0.02,7,2,normal,0.2,0.1,20,0.1,2.3,True,300,Aid Government,0.6000000000000001,1077,20,35
403,403,44,300,40,40,0.7,0.02,7,2,normal,0.2,0.1,20,0.1,2.3,True,300,Aid Government,0.7000000000000001,1127,3,13
404,406,45,300,40,40,0.7,0.02,7,2,normal,0.2,0.1,20,0.1,2.3,True,300,Aid Government,0.1,475,374,268
405,404,44,300,40,40,0.7,0.02,7,2,normal,0.2,0.1,20,0.1,2.3,True,300,Aid Government,0.8,1130,3,3
406,405,45,300,40,40,0.7,0.02,7,2,normal,0.2,0.1,20,0.1,2.3,True,300,Aid Government,0.0,348,513,275
407,407,45,300,40,40,0.7,0.02,7,2,normal,0.2,0.1,20,0.1,2.3,True,300,Aid Government,0.2,757,137,242
408,408,45,300,40,40,0.7,0.02,7,2,normal,0.2,0.1,20,0.1,2.3,True,300,Aid Government,0.30000000000000004,818,146,183
409,409,45,300,40,40,0.7,0.02,7,2,normal,0.2,0.1,20,0.1,2.3,True,300,Aid Government,0.4,830,156,142
410,410,45,300,40,40,0.7,0.02,7,2,normal,0.2,0.1,20,0.1,2.3,True,300,Aid Government,0.5,997,54,62
411,414,46,300,40,40,0.7,0.02,7,2,normal,0.2,0.1,20,0.1,2.3,True,300,Aid Government,0.0,447,347,349
412,411,45,300,40,40,0.7,0.02,7,2,normal,0.2,0.1,20,0.1,2.3,True,300,Aid Government,0.6000000000000001,1091,16,38
413,415,46,300,40,40,0.7,0.02,7,2,normal,0.2,0.1,20,0.1,2.3,True,300,Aid Government,0.1,512,326,301
414,412,45,300,40,40,0.7,0.02,7,2,normal,0.2,0.1,20,0.1,2.3,True,300,Aid Government,0.7000000000000001,1125,3,16
415,416,46,300,40,40,0.7,0.02,7,2,normal,0.2,0.1,20,0.1,2.3,True,300,Aid Government,0.2,537,366,227
416,417,46,300,40,40,0.7,0.02,7,2,normal,0.2,0.1,20,0.1,2.3,True,300,Aid Government,0.30000000000000004,688,236,198
417,413,45,300,40,40,0.7,0.02,7,2,normal,0.2,0.1,20,0.1,2.3,True,300,Aid Government,0.8,1150,3,2
418,418,46,300,40,40,0.7,0.02,7,2,normal,0.2,0.1,20,0.1,2.3,True,300,Aid Government,0.4,784,195,153
419,419,46,300,40,40,0.7,0.02,7,2,normal,0.2,0.1,20,0.1,2.3,True,300,Aid Government,0.5,939,97,89
420,420,46,300,40,40,0.7,0.02,7,2,normal,0.2,0.1,20,0.1,2.3,True,300,Aid Government,0.6000000000000001,1074,39,45
421,421,46,300,40,40,0.7,0.02,7,2,normal,0.2,0.1,20,0.1,2.3,True,300,Aid Government,0.7000000000000001,1118,15,11
422,422,46,300,40,40,0.7,0.02,7,2,normal,0.2,0.1,20,0.1,2.3,True,300,Aid Government,0.8,1146,3,1
423,424,47,300,40,40,0.7,0.02,7,2,normal,0.2,0.1,20,0.1,2.3,True,300,Aid Government,0.1,467,377,276
424,423,47,300,40,40,0.7,0.02,7,2,normal,0.2,0.1,20,0.1,2.3,True,300,Aid Government,0.0,312,586,243
425,425,47,300,40,40,0.7,0.02,7,2,normal,0.2,0.1,20,0.1,2.3,True,300,Aid Government,0.2,510,389,231
426,426,47,300,40,40,0.7,0.02,7,2,normal,0.2,0.1,20,0.1,2.3,True,300,Aid Government,0.30000000000000004,707,225,203
427,427,47,300,40,40,0.7,0.02,7,2,normal,0.2,0.1,20,0.1,2.3,True,300,Aid Government,0.4,892,77,149
428,428,47,300,40,40,0.7,0.02,7,2,normal,0.2,0.1,20,0.1,2.3,True,300,Aid Government,0.5,977,80,87
429,429,47,300,40,40,0.7,0.02,7,2,normal,0.2,0.1,20,0.1,2.3,True,300,Aid Government,0.6000000000000001,1070,13,35
430,433,48,300,40,40,0.7,0.02,7,2,normal,0.2,0.1,20,0.1,2.3,True,300,Aid Government,0.1,456,396,271
431,432,48,300,40,40,0.7,0.02,7,2,normal,0.2,0.1,20,0.1,2.3,True,300,Aid Government,0.0,321,575,239
432,431,47,300,40,40,0.7,0.02,7,2,normal,0.2,0.1,20,0.1,2.3,True,300,Aid Government,0.8,1124,0,5
433,434,48,300,40,40,0.7,0.02,7,2,normal,0.2,0.1,20,0.1,2.3,True,300,Aid Government,0.2,519,375,230
434,430,47,300,40,40,0.7,0.02,7,2,normal,0.2,0.1,20,0.1,2.3,True,300,Aid Government,0.7000000000000001,1127,18,16
435,435,48,300,40,40,0.7,0.02,7,2,normal,0.2,0.1,20,0.1,2.3,True,300,Aid Government,0.30000000000000004,689,241,212
436,436,48,300,40,40,0.7,0.02,7,2,normal,0.2,0.1,20,0.1,2.3,True,300,Aid Government,0.4,904,88,143
437,437,48,300,40,40,0.7,0.02,7,2,normal,0.2,0.1,20,0.1,2.3,True,300,Aid Government,0.5,760,289,99
438,438,48,300,40,40,0.7,0.02,7,2,normal,0.2,0.1,20,0.1,2.3,True,300,Aid Government,0.6000000000000001,1079,21,34
439,439,48,300,40,40,0.7,0.02,7,2,normal,0.2,0.1,20,0.1,2.3,True,300,Aid Government,0.7000000000000001,1121,7,13
440,440,48,300,40,40,0.7,0.02,7,2,normal,0.2,0.1,20,0.1,2.3,True,300,Aid Government,0.8,1136,2,1
441,441,49,300,40,40,0.7,0.02,7,2,normal,0.2,0.1,20,0.1,2.3,True,300,Aid Government,0.0,250,718,163
442,442,49,300,40,40,0.7,0.02,7,2,normal,0.2,0.1,20,0.1,2.3,True,300,Aid Government,0.1,361,539,222
443,443,49,300,40,40,0.7,0.02,7,2,normal,0.2,0.1,20,0.1,2.3,True,300,Aid Government,0.2,583,302,262
444,444,49,300,40,40,0.7,0.02,7,2,normal,0.2,0.1,20,0.1,2.3,True,300,Aid Government,0.30000000000000004,781,172,206
445,445,49,300,40,40,0.7,0.02,7,2,normal,0.2,0.1,20,0.1,2.3,True,300,Aid Government,0.4,780,213,151
446,446,49,300,40,40,0.7,0.02,7,2,normal,0.2,0.1,20,0.1,2.3,True,300,Aid Government,0.5,979,76,77
447,447,49,300,40,40,0.7,0.02,7,2,normal,0.2,0.1,20,0.1,2.3,True,300,Aid Government,0.6000000000000001,1065,40,35
448,449,49,300,40,40,0.7,0.02,7,2,normal,0.2,0.1,20,0.1,2.3,True,300,Aid Government,0.8,1116,4,1
449,448,49,300,40,40,0.7,0.02,7,2,normal,0.2,0.1,20,0.1,2.3,True,300,Aid Government,0.7000000000000001,1114,5,10
